Workbook

Sheet Buyer Wise OTT Hit Rate
C4: SQ Biricina OTT Vs Actual RFD Status
C5: For the month of Oct' 2026
S6: Report Date | U6: 46258
C7: 46324 | I7: =C7+1 | M7: =C7 | S7: Report Date | U7: 46308
C8: Buyer's | D8: =TODAY() | I8: MTD | P8: Recovered & RFD done quantity | Q8: Actual RFD Balance | S8: Sign off line plan Qty | T8: MTD RFD Qty | U8: To be delivered qty | W8: =SUBTOTAL(9,W10:W20)
D9: Plan | E9: Actual | F9: Deviation | G9: % | I9: Plan | J9: ="ACTUAL UPTO "&TEXT(TODAY(),"mmmm d, yyyy") | K9: Plan Vs Actual % | L9: MTD Deviation | M9: Advance RFD | N9: Advance %
C10: Hema | D10: =SUMIFS('Fab Plan-Final'!L:L,'Fab Plan-Final'!S:S,'Buyer Wise OTT Hit Rate'!$C$7,'Fab Plan-Final'!A:A,'Buyer Wise OTT Hit Rate'!C10) | E10: =SUMIFS('Fab Plan-Final'!M:M,'Fab Plan-Final'!S:S,'Buyer Wise OTT Hit Rate'!$C$7,'Fab Plan-Final'!A:A,'Buyer Wise OTT Hit Rate'!C10) | F10: =E10-D10 | G10: =IFERROR((E10/D10),"") | I10: =SUMIFS('Fab Plan-Final'!L:L, 'Fab Plan-Final'!S:S,"<"&$I$7, 'Fab Plan-Final'!A:A,'Buyer Wise OTT Hit Rate'!C10) | J10: =SUMIFS('Fab Plan-Final'!M:M, 'Fab Plan-Final'!S:S,"<"&$I$7, 'Fab Plan-Final'!A:A,'Buyer Wise OTT Hit Rate'!C10) | K10: =IFERROR(J10/I10,"") | L10: =J10-I10 | M10: =SUMIFS('Fab Plan-Final'!M:M, 'Fab Plan-Final'!S:S,">"&$M$7, 'Fab Plan-Final'!A:A,'Buyer Wise OTT Hit Rate'!C10) | N10: =IFERROR((J10+M10)/I10,"") | P10: =SUMIFS('Fab Plan-Final'!O:O, 'Fab Plan-Final'!S:S,"<"&$I$7, 'Fab Plan-Final'!A:A,'Buyer Wise OTT Hit Rate'!C10) | Q10: =(J10+P10)-I10 | S10: =SUMIFS('Fab Plan-Final'!L:L,'Fab Plan-Final'!A:A,'Buyer Wise OTT Hit Rate'!C10) | T10: =J10+M10+P10 | U10: =S10-T10 | V10: 18549.676 | W10: =V10-M10
C11: M & S - T33 | D11: =SUMIFS('Fab Plan-Final'!L:L,'Fab Plan-Final'!S:S,'Buyer Wise OTT Hit Rate'!$C$7,'Fab Plan-Final'!A:A,'Buyer Wise OTT Hit Rate'!C11) | E11: =SUMIFS('Fab Plan-Final'!M:M,'Fab Plan-Final'!S:S,'Buyer Wise OTT Hit Rate'!$C$7,'Fab Plan-Final'!A:A,'Buyer Wise OTT Hit Rate'!C11) | F11: =E11-D11 | G11: =IFERROR((E11/D11),"") | I11: =SUMIFS('Fab Plan-Final'!L:L, 'Fab Plan-Final'!S:S,"<"&$I$7, 'Fab Plan-Final'!A:A,'Buyer Wise OTT Hit Rate'!C11) | J11: =SUMIFS('Fab Plan-Final'!M:M, 'Fab Plan-Final'!S:S,"<"&$I$7, 'Fab Plan-Final'!A:A,'Buyer Wise OTT Hit Rate'!C11) | K11: =IFERROR(J11/I11,"") | L11: =J11-I11 | M11: =SUMIFS('Fab Plan-Final'!M:M, 'Fab Plan-Final'!S:S,">"&$M$7, 'Fab Plan-Final'!A:A,'Buyer Wise OTT Hit Rate'!C11) | N11: =IFERROR((J11+M11)/I11,"") | P11: =SUMIFS('Fab Plan-Final'!O:O, 'Fab Plan-Final'!S:S,"<"&$I$7, 'Fab Plan-Final'!A:A,'Buyer Wise OTT Hit Rate'!C11) | Q11: =(J11+P11)-I11 | S11: =SUMIFS('Fab Plan-Final'!L:L,'Fab Plan-Final'!A:A,'Buyer Wise OTT Hit Rate'!C11) | T11: =J11+M11+P11 | U11: =S11-T11 | V11: 26775.578 | W11: =V11-M11
C12: Tesco | D12: =SUMIFS('Fab Plan-Final'!L:L,'Fab Plan-Final'!S:S,'Buyer Wise OTT Hit Rate'!$C$7,'Fab Plan-Final'!A:A,'Buyer Wise OTT Hit Rate'!C12) | E12: =SUMIFS('Fab Plan-Final'!M:M,'Fab Plan-Final'!S:S,'Buyer Wise OTT Hit Rate'!$C$7,'Fab Plan-Final'!A:A,'Buyer Wise OTT Hit Rate'!C12) | F12: =E12-D12 | G12: =IFERROR((E12/D12),"") | I12: =SUMIFS('Fab Plan-Final'!L:L, 'Fab Plan-Final'!S:S,"<"&$I$7, 'Fab Plan-Final'!A:A,'Buyer Wise OTT Hit Rate'!C12) | J12: =SUMIFS('Fab Plan-Final'!M:M, 'Fab Plan-Final'!S:S,"<"&$I$7, 'Fab Plan-Final'!A:A,'Buyer Wise OTT Hit Rate'!C12) | K12: =IFERROR(J12/I12,"") | L12: =J12-I12 -> 0 | M12: =SUMIFS('Fab Plan-Final'!M:M, 'Fab Plan-Final'!S:S,">"&$M$7, 'Fab Plan-Final'!A:A,'Buyer Wise OTT Hit Rate'!C12) | N12: =IFERROR((J12+M12)/I12,"") | P12: =SUMIFS('Fab Plan-Final'!O:O, 'Fab Plan-Final'!S:S,"<"&$I$7, 'Fab Plan-Final'!A:A,'Buyer Wise OTT Hit Rate'!C12) | Q12: =(J12+P12)-I12 | S12: =SUMIFS('Fab Plan-Final'!L:L,'Fab Plan-Final'!A:A,'Buyer Wise OTT Hit Rate'!C12) | T12: =J12+M12+P12 | U12: =S12-T12 | W12: =V12-M12
C13: Lane Bryant | D13: =SUMIFS('Fab Plan-Final'!L:L,'Fab Plan-Final'!S:S,'Buyer Wise OTT Hit Rate'!$C$7,'Fab Plan-Final'!A:A,'Buyer Wise OTT Hit Rate'!C13) | E13: =SUMIFS('Fab Plan-Final'!M:M,'Fab Plan-Final'!S:S,'Buyer Wise OTT Hit Rate'!$C$7,'Fab Plan-Final'!A:A,'Buyer Wise OTT Hit Rate'!C13) | F13: =E13-D13 | G13: =IFERROR((E13/D13),"") | I13: =SUMIFS('Fab Plan-Final'!L:L, 'Fab Plan-Final'!S:S,"<"&$I$7, 'Fab Plan-Final'!A:A,'Buyer Wise OTT Hit Rate'!C13) | J13: =SUMIFS('Fab Plan-Final'!M:M, 'Fab Plan-Final'!S:S,"<"&$I$7, 'Fab Plan-Final'!A:A,'Buyer Wise OTT Hit Rate'!C13) | K13: =IFERROR(J13/I13,"") | L13: =J13-I13 | M13: =SUMIFS('Fab Plan-Final'!M:M, 'Fab Plan-Final'!S:S,">"&$M$7, 'Fab Plan-Final'!A:A,'Buyer Wise OTT Hit Rate'!C13) | N13: =IFERROR((J13+M13)/I13,"") | P13: =SUMIFS('Fab Plan-Final'!O:O, 'Fab Plan-Final'!S:S,"<"&$I$7, 'Fab Plan-Final'!A:A,'Buyer Wise OTT Hit Rate'!C13) | Q13: =(J13+P13)-I13 | S13: =SUMIFS('Fab Plan-Final'!L:L,'Fab Plan-Final'!A:A,'Buyer Wise OTT Hit Rate'!C13) | T13: =J13+M13+P13 | U13: =S13-T13 | V13: 240639.47 | W13: =V13-M13
C14: Sainsbury | D14: =SUMIFS('Fab Plan-Final'!L:L,'Fab Plan-Final'!S:S,'Buyer Wise OTT Hit Rate'!$C$7,'Fab Plan-Final'!A:A,'Buyer Wise OTT Hit Rate'!C14) | E14: =SUMIFS('Fab Plan-Final'!M:M,'Fab Plan-Final'!S:S,'Buyer Wise OTT Hit Rate'!$C$7,'Fab Plan-Final'!A:A,'Buyer Wise OTT Hit Rate'!C14) | F14: =E14-D14 | G14: =IFERROR((E14/D14),"") | I14: =SUMIFS('Fab Plan-Final'!L:L, 'Fab Plan-Final'!S:S,"<"&$I$7, 'Fab Plan-Final'!A:A,'Buyer Wise OTT Hit Rate'!C14) | J14: =SUMIFS('Fab Plan-Final'!M:M, 'Fab Plan-Final'!S:S,"<"&$I$7, 'Fab Plan-Final'!A:A,'Buyer Wise OTT Hit Rate'!C14) | K14: =IFERROR(J14/I14,"") | L14: =J14-I14 | M14: =SUMIFS('Fab Plan-Final'!M:M, 'Fab Plan-Final'!S:S,">"&$M$7, 'Fab Plan-Final'!A:A,'Buyer Wise OTT Hit Rate'!C14) | N14: =IFERROR((J14+M14)/I14,"") | P14: =SUMIFS('Fab Plan-Final'!O:O, 'Fab Plan-Final'!S:S,"<"&$I$7, 'Fab Plan-Final'!A:A,'Buyer Wise OTT Hit Rate'!C14) | Q14: =(J14+P14)-I14 | S14: =SUMIFS('Fab Plan-Final'!L:L,'Fab Plan-Final'!A:A,'Buyer Wise OTT Hit Rate'!C14) | T14: =J14+M14+P14 | U14: =S14-T14 | V14: 126361.9 | W14: =V14-M14
C15: YamamaY | D15: =SUMIFS('Fab Plan-Final'!L:L,'Fab Plan-Final'!S:S,'Buyer Wise OTT Hit Rate'!$C$7,'Fab Plan-Final'!A:A,'Buyer Wise OTT Hit Rate'!C15) | E15: =SUMIFS('Fab Plan-Final'!M:M,'Fab Plan-Final'!S:S,'Buyer Wise OTT Hit Rate'!$C$7,'Fab Plan-Final'!A:A,'Buyer Wise OTT Hit Rate'!C15) | F15: =E15-D15 | G15: =IFERROR((E15/D15),"") | I15: =SUMIFS('Fab Plan-Final'!L:L, 'Fab Plan-Final'!S:S,"<"&$I$7, 'Fab Plan-Final'!A:A,'Buyer Wise OTT Hit Rate'!C15) | J15: =SUMIFS('Fab Plan-Final'!M:M, 'Fab Plan-Final'!S:S,"<"&$I$7, 'Fab Plan-Final'!A:A,'Buyer Wise OTT Hit Rate'!C15) | K15: =IFERROR(J15/I15,"") | L15: =J15-I15 -> 0 | M15: =SUMIFS('Fab Plan-Final'!M:M, 'Fab Plan-Final'!S:S,">"&$M$7, 'Fab Plan-Final'!A:A,'Buyer Wise OTT Hit Rate'!C15) | N15: =IFERROR((J15+M15)/I15,"") | P15: =SUMIFS('Fab Plan-Final'!O:O, 'Fab Plan-Final'!S:S,"<"&$I$7, 'Fab Plan-Final'!A:A,'Buyer Wise OTT Hit Rate'!C15) | Q15: =(J15+P15)-I15 | S15: =SUMIFS('Fab Plan-Final'!L:L,'Fab Plan-Final'!A:A,'Buyer Wise OTT Hit Rate'!C15) | T15: =J15+M15+P15 | U15: =S15-T15 | W15: =V15-M15
C16: M & S - T61 (KPK) | D16: =SUMIFS('Fab Plan-Final'!L:L,'Fab Plan-Final'!S:S,'Buyer Wise OTT Hit Rate'!$C$7,'Fab Plan-Final'!A:A,'Buyer Wise OTT Hit Rate'!C16) | E16: =SUMIFS('Fab Plan-Final'!M:M,'Fab Plan-Final'!S:S,'Buyer Wise OTT Hit Rate'!$C$7,'Fab Plan-Final'!A:A,'Buyer Wise OTT Hit Rate'!C16) | F16: =E16-D16 | G16: =IFERROR((E16/D16),"") | I16: =SUMIFS('Fab Plan-Final'!L:L, 'Fab Plan-Final'!S:S,"<"&$I$7, 'Fab Plan-Final'!A:A,'Buyer Wise OTT Hit Rate'!C16) | J16: =SUMIFS('Fab Plan-Final'!M:M, 'Fab Plan-Final'!S:S,"<"&$I$7, 'Fab Plan-Final'!A:A,'Buyer Wise OTT Hit Rate'!C16) | K16: =IFERROR(J16/I16,"") | L16: =J16-I16 | M16: =SUMIFS('Fab Plan-Final'!M:M, 'Fab Plan-Final'!S:S,">"&$M$7, 'Fab Plan-Final'!A:A,'Buyer Wise OTT Hit Rate'!C16) | N16: =IFERROR((J16+M16)/I16,"") | P16: =SUMIFS('Fab Plan-Final'!O:O, 'Fab Plan-Final'!S:S,"<"&$I$7, 'Fab Plan-Final'!A:A,'Buyer Wise OTT Hit Rate'!C16) | Q16: =(J16+P16)-I16 | S16: =SUMIFS('Fab Plan-Final'!L:L,'Fab Plan-Final'!A:A,'Buyer Wise OTT Hit Rate'!C16) | T16: =J16+M16+P16 | U16: =S16-T16 | V16: 873.423 | W16: =V16-M16
C17: LIDL | D17: =SUMIFS('Fab Plan-Final'!L:L,'Fab Plan-Final'!S:S,'Buyer Wise OTT Hit Rate'!$C$7,'Fab Plan-Final'!A:A,'Buyer Wise OTT Hit Rate'!C17) | E17: =SUMIFS('Fab Plan-Final'!M:M,'Fab Plan-Final'!S:S,'Buyer Wise OTT Hit Rate'!$C$7,'Fab Plan-Final'!A:A,'Buyer Wise OTT Hit Rate'!C17) | F17: =E17-D17 | G17: =IFERROR((E17/D17),"") | I17: =SUMIFS('Fab Plan-Final'!L:L, 'Fab Plan-Final'!S:S,"<"&$I$7, 'Fab Plan-Final'!A:A,'Buyer Wise OTT Hit Rate'!C17) | J17: =SUMIFS('Fab Plan-Final'!M:M, 'Fab Plan-Final'!S:S,"<"&$I$7, 'Fab Plan-Final'!A:A,'Buyer Wise OTT Hit Rate'!C17) | K17: =IFERROR(J17/I17,"") | L17: =J17-I17 | M17: =SUMIFS('Fab Plan-Final'!M:M, 'Fab Plan-Final'!S:S,">"&$M$7, 'Fab Plan-Final'!A:A,'Buyer Wise OTT Hit Rate'!C17) | N17: =IFERROR((J17+M17)/I17,"") | P17: =SUMIFS('Fab Plan-Final'!O:O, 'Fab Plan-Final'!S:S,"<"&$I$7, 'Fab Plan-Final'!A:A,'Buyer Wise OTT Hit Rate'!C17) | Q17: =(J17+P17)-I17 | S17: =SUMIFS('Fab Plan-Final'!L:L,'Fab Plan-Final'!A:A,'Buyer Wise OTT Hit Rate'!C17) | T17: =J17+M17+P17 | U17: =S17-T17 | V17: 331.8 | W17: =V17-M17
C18: H & M | D18: =SUMIFS('Fab Plan-Final'!L:L,'Fab Plan-Final'!S:S,'Buyer Wise OTT Hit Rate'!$C$7,'Fab Plan-Final'!A:A,'Buyer Wise OTT Hit Rate'!C18) | E18: =SUMIFS('Fab Plan-Final'!M:M,'Fab Plan-Final'!S:S,'Buyer Wise OTT Hit Rate'!$C$7,'Fab Plan-Final'!A:A,'Buyer Wise OTT Hit Rate'!C18) | F18: =E18-D18 | G18: =IFERROR((E18/D18),"") | I18: =SUMIFS('Fab Plan-Final'!L:L, 'Fab Plan-Final'!S:S,"<"&$I$7, 'Fab Plan-Final'!A:A,'Buyer Wise OTT Hit Rate'!C18) | J18: =SUMIFS('Fab Plan-Final'!M:M, 'Fab Plan-Final'!S:S,"<"&$I$7, 'Fab Plan-Final'!A:A,'Buyer Wise OTT Hit Rate'!C18) | K18: =IFERROR(J18/I18,"") | L18: =J18-I18 -> 0 | M18: =SUMIFS('Fab Plan-Final'!M:M, 'Fab Plan-Final'!S:S,">"&$M$7, 'Fab Plan-Final'!A:A,'Buyer Wise OTT Hit Rate'!C18) | N18: =IFERROR((J18+M18)/I18,"") | P18: =SUMIFS('Fab Plan-Final'!O:O, 'Fab Plan-Final'!S:S,"<"&$I$7, 'Fab Plan-Final'!A:A,'Buyer Wise OTT Hit Rate'!C18) | Q18: =(J18+P18)-I18 | S18: =SUMIFS('Fab Plan-Final'!L:L,'Fab Plan-Final'!A:A,'Buyer Wise OTT Hit Rate'!C18) | T18: =J18+M18+P18 | U18: =S18-T18 | V18: 47 | W18: =V18-M18
C19: M & S - T71 | D19: =SUMIFS('Fab Plan-Final'!L:L,'Fab Plan-Final'!S:S,'Buyer Wise OTT Hit Rate'!$C$7,'Fab Plan-Final'!A:A,'Buyer Wise OTT Hit Rate'!C19) | E19: =SUMIFS('Fab Plan-Final'!M:M,'Fab Plan-Final'!S:S,'Buyer Wise OTT Hit Rate'!$C$7,'Fab Plan-Final'!A:A,'Buyer Wise OTT Hit Rate'!C19) | F19: =E19-D19 | G19: =IFERROR((E19/D19),"") | I19: =SUMIFS('Fab Plan-Final'!L:L, 'Fab Plan-Final'!S:S,"<"&$I$7, 'Fab Plan-Final'!A:A,'Buyer Wise OTT Hit Rate'!C19) | J19: =SUMIFS('Fab Plan-Final'!M:M, 'Fab Plan-Final'!S:S,"<"&$I$7, 'Fab Plan-Final'!A:A,'Buyer Wise OTT Hit Rate'!C19) | K19: =IFERROR(J19/I19,"") | L19: =J19-I19 | M19: =SUMIFS('Fab Plan-Final'!M:M, 'Fab Plan-Final'!S:S,">"&$M$7, 'Fab Plan-Final'!A:A,'Buyer Wise OTT Hit Rate'!C19) | N19: =IFERROR((J19+M19)/I19,"") | P19: =SUMIFS('Fab Plan-Final'!O:O, 'Fab Plan-Final'!S:S,"<"&$I$7, 'Fab Plan-Final'!A:A,'Buyer Wise OTT Hit Rate'!C19) | Q19: =(J19+P19)-I19 | S19: =SUMIFS('Fab Plan-Final'!L:L,'Fab Plan-Final'!A:A,'Buyer Wise OTT Hit Rate'!C19) | T19: =J19+M19+P19 | U19: =S19-T19 | V19: 2097.5538 | W19: =V19-M19
C20: M & S - T61 (SHK) | D20: =SUMIFS('Fab Plan-Final'!L:L,'Fab Plan-Final'!S:S,'Buyer Wise OTT Hit Rate'!$C$7,'Fab Plan-Final'!A:A,'Buyer Wise OTT Hit Rate'!C20) | E20: =SUMIFS('Fab Plan-Final'!M:M,'Fab Plan-Final'!S:S,'Buyer Wise OTT Hit Rate'!$C$7,'Fab Plan-Final'!A:A,'Buyer Wise OTT Hit Rate'!C20) | F20: =E20-D20 | G20: =IFERROR((E20/D20),"") | I20: =SUMIFS('Fab Plan-Final'!L:L, 'Fab Plan-Final'!S:S,"<"&$I$7, 'Fab Plan-Final'!A:A,'Buyer Wise OTT Hit Rate'!C20) | J20: =SUMIFS('Fab Plan-Final'!M:M, 'Fab Plan-Final'!S:S,"<"&$I$7, 'Fab Plan-Final'!A:A,'Buyer Wise OTT Hit Rate'!C20) | K20: =IFERROR(J20/I20,"") | L20: =J20-I20 | M20: =SUMIFS('Fab Plan-Final'!M:M, 'Fab Plan-Final'!S:S,">"&$M$7, 'Fab Plan-Final'!A:A,'Buyer Wise OTT Hit Rate'!C20) | N20: =IFERROR((J20+M20)/I20,"") | P20: =SUMIFS('Fab Plan-Final'!O:O, 'Fab Plan-Final'!S:S,"<"&$I$7, 'Fab Plan-Final'!A:A,'Buyer Wise OTT Hit Rate'!C20) | Q20: =(J20+P20)-I20 | S20: =SUMIFS('Fab Plan-Final'!L:L,'Fab Plan-Final'!A:A,'Buyer Wise OTT Hit Rate'!C20) | T20: =J20+M20+P20 | U20: =S20-T20 | V20: 3396.781 | W20: =V20-M20
C21: M & S - T51 | D21: =SUMIFS('Fab Plan-Final'!L:L,'Fab Plan-Final'!S:S,'Buyer Wise OTT Hit Rate'!$C$7,'Fab Plan-Final'!A:A,'Buyer Wise OTT Hit Rate'!C21) | E21: =SUMIFS('Fab Plan-Final'!M:M,'Fab Plan-Final'!S:S,'Buyer Wise OTT Hit Rate'!$C$7,'Fab Plan-Final'!A:A,'Buyer Wise OTT Hit Rate'!C21) | F21: =E21-D21 | G21: =IFERROR((E21/D21),"") | I21: =SUMIFS('Fab Plan-Final'!L:L, 'Fab Plan-Final'!S:S,"<"&$I$7, 'Fab Plan-Final'!A:A,'Buyer Wise OTT Hit Rate'!C21) | J21: =SUMIFS('Fab Plan-Final'!M:M, 'Fab Plan-Final'!S:S,"<"&$I$7, 'Fab Plan-Final'!A:A,'Buyer Wise OTT Hit Rate'!C21) | K21: =IFERROR(J21/I21,"") | L21: =J21-I21 -> 0 | M21: =SUMIFS('Fab Plan-Final'!M:M, 'Fab Plan-Final'!S:S,">"&$M$7, 'Fab Plan-Final'!A:A,'Buyer Wise OTT Hit Rate'!C21) | N21: =IFERROR((J21+M21)/I21,"") | P21: =SUMIFS('Fab Plan-Final'!O:O, 'Fab Plan-Final'!S:S,"<"&$I$7, 'Fab Plan-Final'!A:A,'Buyer Wise OTT Hit Rate'!C21) | Q21: =(J21+P21)-I21 | S21: =SUMIFS('Fab Plan-Final'!L:L,'Fab Plan-Final'!A:A,'Buyer Wise OTT Hit Rate'!C21) | T21: =J21+M21+P21 | U21: =S21-T21
C22: Primark Limited | D22: =SUMIFS('Fab Plan-Final'!L:L,'Fab Plan-Final'!S:S,'Buyer Wise OTT Hit Rate'!$C$7,'Fab Plan-Final'!A:A,'Buyer Wise OTT Hit Rate'!C22) | E22: =SUMIFS('Fab Plan-Final'!M:M,'Fab Plan-Final'!S:S,'Buyer Wise OTT Hit Rate'!$C$7,'Fab Plan-Final'!A:A,'Buyer Wise OTT Hit Rate'!C22) | F22: =E22-D22 | G22: =IFERROR((E22/D22),"") | I22: =SUMIFS('Fab Plan-Final'!L:L, 'Fab Plan-Final'!S:S,"<"&$I$7, 'Fab Plan-Final'!A:A,'Buyer Wise OTT Hit Rate'!C22) | J22: =SUMIFS('Fab Plan-Final'!M:M, 'Fab Plan-Final'!S:S,"<"&$I$7, 'Fab Plan-Final'!A:A,'Buyer Wise OTT Hit Rate'!C22) | K22: =IFERROR(J22/I22,"") | L22: =J22-I22 | M22: =SUMIFS('Fab Plan-Final'!M:M, 'Fab Plan-Final'!S:S,">"&$M$7, 'Fab Plan-Final'!A:A,'Buyer Wise OTT Hit Rate'!C22) | N22: =IFERROR((J22+M22)/I22,"") | P22: =SUMIFS('Fab Plan-Final'!O:O, 'Fab Plan-Final'!S:S,"<"&$I$7, 'Fab Plan-Final'!A:A,'Buyer Wise OTT Hit Rate'!C22) | Q22: =(J22+P22)-I22 | S22: =SUMIFS('Fab Plan-Final'!L:L,'Fab Plan-Final'!A:A,'Buyer Wise OTT Hit Rate'!C22) | T22: =J22+M22+P22 | U22: =S22-T22
C23: M&S T14 | D23: =SUMIFS('Fab Plan-Final'!L:L,'Fab Plan-Final'!S:S,'Buyer Wise OTT Hit Rate'!$C$7,'Fab Plan-Final'!A:A,'Buyer Wise OTT Hit Rate'!C23) | E23: =SUMIFS('Fab Plan-Final'!M:M,'Fab Plan-Final'!S:S,'Buyer Wise OTT Hit Rate'!$C$7,'Fab Plan-Final'!A:A,'Buyer Wise OTT Hit Rate'!C23) | F23: =E23-D23 | G23: =IFERROR((E23/D23),"") | I23: =SUMIFS('Fab Plan-Final'!L:L, 'Fab Plan-Final'!S:S,"<"&$I$7, 'Fab Plan-Final'!A:A,'Buyer Wise OTT Hit Rate'!C23) | J23: =SUMIFS('Fab Plan-Final'!M:M, 'Fab Plan-Final'!S:S,"<"&$I$7, 'Fab Plan-Final'!A:A,'Buyer Wise OTT Hit Rate'!C23) | K23: =IFERROR(J23/I23,"") | L23: =J23-I23 | M23: =SUMIFS('Fab Plan-Final'!M:M, 'Fab Plan-Final'!S:S,">"&$M$7, 'Fab Plan-Final'!A:A,'Buyer Wise OTT Hit Rate'!C23) | N23: =IFERROR((J23+M23)/I23,"") | P23: =SUMIFS('Fab Plan-Final'!O:O, 'Fab Plan-Final'!S:S,"<"&$I$7, 'Fab Plan-Final'!A:A,'Buyer Wise OTT Hit Rate'!C23) | Q23: =(J23+P23)-I23 | S23: =SUMIFS('Fab Plan-Final'!L:L,'Fab Plan-Final'!A:A,'Buyer Wise OTT Hit Rate'!C23) | T23: =J23+M23+P23 | U23: =S23-T23
C24: Grand Total | D24: =SUM(D10:D23) | E24: =SUM(E10:E23) | F24: =SUM(F10:F23) | G24: =IFERROR(E24/D24,"") | I24: =SUM(I10:I23) | J24: =SUM(J10:J23) | K24: =IFERROR(J24/I24,"") | L24: =SUM(L10:L23) | M24: =SUM(M10:M23) | N24: =IFERROR((J24+M24)/I24,"") | P24: =SUM(P10:P23) | Q24: =SUM(Q10:Q23) | S24: =SUM(S10:S23) | T24: =SUM(T10:T23) | U24: =SUM(U10:U23)

Sheet Fab Plan-Final
J1: =L1/3 | K1: =SUBTOTAL(9,K3:K99956) | L1: =SUBTOTAL(9,L3:L998684) | M1: =SUBTOTAL(9,M3:M998684) | N1: =SUBTOTAL(9,N3:N998684) | O1: =SUBTOTAL(9,O3:O998684) | P1: =SUBTOTAL(9,P3:P998684) | AM1: qqTRIM(AJ3)&TRIM(AL3)&TRIM(AK3) | AN1: QQSUMIFS('[DOC -280+217.xlsx]217'!$AQ:$AQ,'[DOC -280+217.xlsx]217'!$AP:$AP,AM3) | AO1: QQIF(AN3=0,"#NA",SUMIFS('[DOC -280+217.xlsx]217'!$AR:$AR,'[DOC -280+217.xlsx]217'!$AP:$AP,AM3)) | AP1: qqSUMIFS(M:M,AM:AM,AM3)+SUMIFS(O:O,AM:AM,AM3) | AQ1: qqSUMIFS(L:L,AM:AM,AM3) | AR1: qqAQ3-AP3 | AS1: qqIF(AN3>=AQ3,"ok","ck") | AT1: qq-p3 | AU1: qqIF(SUMIFS(AT:AT,AM:AM,AM3)>AO3,(SUMIFS(AT:AT,AM:AM,AM3)-AO3)) | AV1: qqVLOOKUP(AM3,'[DOC -280+217.xlsx]217'!$AP:$AQ,2,FALSE) | AW1: qqINDEX('[DOC -280+217.xlsx]217'!$AF:$AF,MATCH(AM3,'[DOC -280+217.xlsx]217'!$AP:$AP,0)) | AX1: qqAN3-AP3
A2: Buyer | B2: Main OC | C2: line plan oc match | D2: Season | E2: Fabric Req Date | F2: Style Name | G2: Psbl RFD | H2: Hues Code | I2: Article Name | J2: Color | K2: Req Qty Kg | L2: Req Qty(Mtr) | M2: RFD Qty. | N2: Balance to RFD | O2: Recovered Qty | P2: Final Balance | Q2: PO/PRPO No(Supplier Name) | R2: Category | S2: Agreed RFD Date-Hues | T2: Agreed RFD Date. | U2: Hues Proposed RFD Date/Flow | V2: Hues Feedback | W2: Plan Remarks | X2: Plan Month | Y2: Scm Req date | Z2: Dye Batch | AA2: Dye Date | AB2: Finish Date | AC2: Rfd Date | AD2: Dye Plan Date | AE2: Finish Plan Date | AF2: Rfd Plan date | AG2: Remarks | AH2: Hues Proposed RFD Date/Flow | AI2: Plan Remarks | AJ2: Huees Po | AK2: Hues Color | AL2: Hues Fabric | AM2: And | AN2: Tps Rfd Qty | AO2: Taps Balance | AP2: Ott Rdf Qty | AQ2: Ott Req | AR2: Ott Blnc | AS2: Recheck | AT2: Final Balance OTT | AU2: Psbl to rfd | AV2: Po Findable Test/RFD QTY | AW2: Po compleate % | AX2: Psbl to rfd another view
A3: M & S - T61 (KPK) | G3: =AU3 | I3: SJ 100% BCI Combed Compact Cotton 120gsm CW62” | J3: 64270 PINK | K3: =P3/3 | L3: 0 | M3: =L3 | N3: =M3-L3 | P3: =N3+O3 | Q3: 427783 | R3: Solid | S3: 46321 | U3: 46321 | Y3: 46320 | AJ3: 427783 | AK3: 64270 Pink | AL3: 120 | AM3: =TRIM(AJ3)&TRIM(AL3)&TRIM(AK3) | AN3: 189 | AO3: -9 | AP3: =SUMIFS(M:M,AM:AM,AM3)+SUMIFS(O:O,AM:AM,AM3) | AQ3: =SUMIFS(L:L,AM:AM,AM3) | AR3: =AQ3-AP3 | AS3: =IF(AN3>=AQ3,"ok","ck") | AT3: =-P3 | AU3: =IF(SUMIFS(AT:AT,AM:AM,AM3)>AO3,(SUMIFS(AT:AT,AM:AM,AM3)-AO3)) | AV3: 189 | AW3: 1.05 | AX3: =AN3-AP3
A4: M & S - T61 (KPK) | G4: =AU4 | I4: SJ 95% BCI Cmd Cmpt CTN 5% Inv Ly 140gsm CW61” | J4: 64270 PINK | K4: =P4/3 | L4: 21.92 | N4: =M4-L4 | P4: =N4+O4 | Q4: 427783 | R4: Solid | S4: 46320 | U4: 46320 | Y4: 46320 | AJ4: 427783 | AK4: 64270 Pink | AL4: 140 | AM4: =TRIM(AJ4)&TRIM(AL4)&TRIM(AK4) | AN4: 1543 | AO4: 22 | AP4: =SUMIFS(M:M,AM:AM,AM4)+SUMIFS(O:O,AM:AM,AM4) | AQ4: =SUMIFS(L:L,AM:AM,AM4) | AR4: =AQ4-AP4 | AS4: =IF(AN4>=AQ4,"ok","ck") | AT4: =-P4 | AU4: =IF(SUMIFS(AT:AT,AM:AM,AM4)>AO4,(SUMIFS(AT:AT,AM:AM,AM4)-AO4)) | AV4: 1543 | AW4: 0.986 | AX4: =AN4-AP4
A5: M & S - T61 (KPK) | G5: =AU5 | I5: SJ 95% BCI Cmd Cmpt CTN 5% Inv Ly 140gsm CW61” | J5: Ivory 80762 | K5: =P5/3 | L5: 0 | M5: =L5 | N5: =M5-L5 | P5: =N5+O5 | Q5: 457136 | R5: Solid | S5: 46320 | U5: 46320 | Y5: 46320 | AJ5: 457136 | AK5: IVORY 80762 | AL5: 140 | AM5: =TRIM(AJ5)&TRIM(AL5)&TRIM(AK5) | AN5: 600 | AO5: -16.3 | AP5: =SUMIFS(M:M,AM:AM,AM5)+SUMIFS(O:O,AM:AM,AM5) | AQ5: =SUMIFS(L:L,AM:AM,AM5) | AR5: =AQ5-AP5 | AS5: =IF(AN5>=AQ5,"ok","ck") | AT5: =-P5 | AU5: =IF(SUMIFS(AT:AT,AM:AM,AM5)>AO5,(SUMIFS(AT:AT,AM:AM,AM5)-AO5)) | AV5: 600 | AW5: 1.028 | AX5: =AN5-AP5
A6: LIDL | G6: =AU6 | I6: 48% LYOCELL 47% CMIA COTTON 5% ELASTANE RIB 2X2 GSM-190 CW-111 CM/44 INCH | J6: Tornado | K6: =P6/3 | L6: 0 | N6: =M6-L6 | P6: =N6+O6 | Q6: 438197 | R6: Solid | S6: 46328 | U6: 46328 | Y6: 46328 | AJ6: 438197#Style-2604 (MENS)-Creora | AK6: 18-3907 TCX(Tornado) | AL6: 190 | AM6: =TRIM(AJ6)&TRIM(AL6)&TRIM(AK6) | AN6: 69621.11 | AO6: 9428.16 | AP6: =SUMIFS(M:M,AM:AM,AM6)+SUMIFS(O:O,AM:AM,AM6) | AQ6: =SUMIFS(L:L,AM:AM,AM6) | AR6: =AQ6-AP6 | AS6: =IF(AN6>=AQ6,"ok","ck") | AT6: =-P6 | AU6: =IF(SUMIFS(AT:AT,AM:AM,AM6)>AO6,(SUMIFS(AT:AT,AM:AM,AM6)-AO6)) | AV6: 43 | AW6: 0.159 | AX6: =AN6-AP6
A7: LIDL | G7: =AU7 | I7: 48% LYOCELL 47% CMIA COTTON 5% ELASTANE RIB 2X2 GSM-190 CW-111 CM/44 INCH | J7: Tornado | K7: =P7/3 | L7: 0 | N7: =M7-L7 | P7: =N7+O7 | Q7: 438197 | R7: Solid | S7: 46331 | U7: 46331 | Y7: 46331 | AJ7: 438197#Style-2604 (MENS)-Creora | AK7: 18-3907 TCX(Tornado) | AL7: 190 | AM7: =TRIM(AJ7)&TRIM(AL7)&TRIM(AK7) | AN7: 69621.11 | AO7: 9428.16 | AP7: =SUMIFS(M:M,AM:AM,AM7)+SUMIFS(O:O,AM:AM,AM7) | AQ7: =SUMIFS(L:L,AM:AM,AM7) | AR7: =AQ7-AP7 | AS7: =IF(AN7>=AQ7,"ok","ck") | AT7: =-P7 | AU7: =IF(SUMIFS(AT:AT,AM:AM,AM7)>AO7,(SUMIFS(AT:AT,AM:AM,AM7)-AO7)) | AV7: 43 | AW7: 0.159 | AX7: =AN7-AP7
A8: M & S - T61 (KPK) | G8: =AU8 | I8: SJ 95% BCI Cmd Cmpt CTN 5% Inv Ly 140gsm CW61” | J8: 62551 PINK | K8: =P8/3 | L8: -11.647 | M8: =L8 | N8: =M8-L8 | P8: =N8+O8 | Q8: 440575 | R8: Solid | S8: 46320 | U8: 46320 | Y8: 46320 | AJ8: 440575 | AK8: 62551 Pink | AL8: 140 | AM8: =TRIM(AJ8)&TRIM(AL8)&TRIM(AK8) | AN8: 3981 | AO8: -85.47 | AP8: =SUMIFS(M:M,AM:AM,AM8)+SUMIFS(O:O,AM:AM,AM8) | AQ8: =SUMIFS(L:L,AM:AM,AM8) | AR8: =AQ8-AP8 | AS8: =IF(AN8>=AQ8,"ok","ck") | AT8: =-P8 | AU8: =IF(SUMIFS(AT:AT,AM:AM,AM8)>AO8,(SUMIFS(AT:AT,AM:AM,AM8)-AO8)) | AV8: 3981 | AW8: 1.022 | AX8: =AN8-AP8
A9: M & S - T61 (KPK) | G9: =AU9 | I9: SJ 95% BCI Cmd Cmpt CTN 5% Inv Ly 140gsm CW63” | J9: ROSE QUARTZ 23830 | K9: =P9/3 | L9: 2894 | N9: =M9-L9 | P9: =N9+O9 | Q9: 468883 | R9: Solid | S9: 46344 | U9: 18th Nov-2,894 mtr, 21st Nov-1,106 mtr, 22nd Nov-2,728 mtr, Rest Qty-23rd Nov | Y9: 46342 | AJ9: 468883 | AK9: ROSE QUARTS 23830 | AL9: 140 | AM9: =TRIM(AJ9)&TRIM(AL9)&TRIM(AK9) | AN9: 0 | AO9: #NA | AP9: =SUMIFS(M:M,AM:AM,AM9)+SUMIFS(O:O,AM:AM,AM9) | AQ9: =SUMIFS(L:L,AM:AM,AM9) | AR9: =AQ9-AP9 | AS9: =IF(AN9>=AQ9,"ok","ck") | AT9: =-P9 | AU9: =IF(SUMIFS(AT:AT,AM:AM,AM9)>AO9,(SUMIFS(AT:AT,AM:AM,AM9)-AO9)) | AV9: 0 | AW9: 0 | AX9: =AN9-AP9
A10: M & S - T61 (KPK) | G10: =AU10 | I10: SJ 95% BCI Cmd Cmpt CTN 5% Inv Ly 140gsm CW63” | J10: ROSE QUARTZ 23830 | K10: =P10/3 | L10: 1106 | N10: =M10-L10 | P10: =N10+O10 | Q10: 468883 | R10: Solid | S10: 46347 | U10: 18th Nov-2,894 mtr, 21st Nov-1,106 mtr, 22nd Nov-2,728 mtr, Rest Qty-23rd Nov | Y10: 46342 | AJ10: 468883 | AK10: ROSE QUARTS 23830 | AL10: 140 | AM10: =TRIM(AJ10)&TRIM(AL10)&TRIM(AK10) | AN10: 0 | AO10: #NA | AP10: =SUMIFS(M:M,AM:AM,AM10)+SUMIFS(O:O,AM:AM,AM10) | AQ10: =SUMIFS(L:L,AM:AM,AM10) | AR10: =AQ10-AP10 | AS10: =IF(AN10>=AQ10,"ok","ck") | AT10: =-P10 | AU10: =IF(SUMIFS(AT:AT,AM:AM,AM10)>AO10,(SUMIFS(AT:AT,AM:AM,AM10)-AO10)) | AV10: 0 | AW10: 0 | AX10: =AN10-AP10
A11: M & S - T61 (KPK) | G11: =AU11 | I11: SJ 100% BCI Combed Compact Cotton 120gsm CW62” | J11: ROSE QUARTS 23830 | K11: =P11/3 | L11: 0.404 | N11: =M11-L11 | P11: =N11+O11 | Q11: 468884 | R11: Solid | S11: 46338 | U11: 46338 | Y11: 46338 | AJ11: 468884 | AK11: ROSE QUARTS 23830 | AL11: 120 | AM11: =TRIM(AJ11)&TRIM(AL11)&TRIM(AK11) | AN11: 0 | AO11: #NA | AP11: =SUMIFS(M:M,AM:AM,AM11)+SUMIFS(O:O,AM:AM,AM11) | AQ11: =SUMIFS(L:L,AM:AM,AM11) | AR11: =AQ11-AP11 | AS11: =IF(AN11>=AQ11,"ok","ck") | AT11: =-P11 | AU11: =IF(SUMIFS(AT:AT,AM:AM,AM11)>AO11,(SUMIFS(AT:AT,AM:AM,AM11)-AO11)) | AV11: 0 | AW11: 0 | AX11: =AN11-AP11
A12: M & S - T61 (KPK) | G12: =AU12 | I12: SJ 100% BCI Combed Compact Cotton 120gsm CW62” | J12: ROSE QUARTS 23830 | K12: =P12/3 | L12: 0.404 | N12: =M12-L12 | P12: =N12+O12 | Q12: 468884 | R12: Solid | S12: 46338 | U12: 46338 | Y12: 46338 | AJ12: 468884 | AK12: ROSE QUARTS 23830 | AL12: 120 | AM12: =TRIM(AJ12)&TRIM(AL12)&TRIM(AK12) | AN12: 0 | AO12: #NA | AP12: =SUMIFS(M:M,AM:AM,AM12)+SUMIFS(O:O,AM:AM,AM12) | AQ12: =SUMIFS(L:L,AM:AM,AM12) | AR12: =AQ12-AP12 | AS12: =IF(AN12>=AQ12,"ok","ck") | AT12: =-P12 | AU12: =IF(SUMIFS(AT:AT,AM:AM,AM12)>AO12,(SUMIFS(AT:AT,AM:AM,AM12)-AO12)) | AV12: 0 | AW12: 0 | AX12: =AN12-AP12
A13: T61-KPK | G13: =AU13 | I13: SJ 95% BCI Cmd Cmpt CTN 5% Inv Ly 140gsm CW61” | J13: White 10001 | K13: =P13/3 | L13: 1024.501 | M13: 1024.501 | N13: =M13-L13 | P13: =N13+O13 | R13: Solid | S13: 46327 | U13: 1st Nov-10th Nov-1.5k mtr/day, 11th Nov-25th Nov- 2.5k mtr, FOC will deliver on 26th Nov | Y13: 46320 | AL13: 140 | AM13: =TRIM(AJ13)&TRIM(AL13)&TRIM(AK13) | AN13: 0 | AO13: #NA | AP13: =SUMIFS(M:M,AM:AM,AM13)+SUMIFS(O:O,AM:AM,AM13) | AQ13: =SUMIFS(L:L,AM:AM,AM13) | AR13: =AQ13-AP13 | AS13: =IF(AN13>=AQ13,"ok","ck") | AT13: =-P13 | AU13: =IF(SUMIFS(AT:AT,AM:AM,AM13)>AO13,(SUMIFS(AT:AT,AM:AM,AM13)-AO13)) | AV13: #N/A | AW13: #N/A | AX13: =AN13-AP13
A14: Sainsbury | G14: =AU14 | I14: S/J- Solid 95%Cot 5%Inv Lycra 140gsm with PCF 66 | J14: Black | K14: =P14/3 | L14: 480 | N14: =M14-L14 | P14: =N14+O14 | Q14: 446252 | R14: Solid | S14: 46325 | U14: 46325 | Y14: 46320 | AJ14: 446252 | AK14: Black | AL14: 140 | AM14: =TRIM(AJ14)&TRIM(AL14)&TRIM(AK14) | AN14: 16424.84 | AO14: 2141.13 | AP14: =SUMIFS(M:M,AM:AM,AM14)+SUMIFS(O:O,AM:AM,AM14) | AQ14: =SUMIFS(L:L,AM:AM,AM14) | AR14: =AQ14-AP14 | AS14: =IF(AN14>=AQ14,"ok","ck") | AT14: =-P14 | AU14: =IF(SUMIFS(AT:AT,AM:AM,AM14)>AO14,(SUMIFS(AT:AT,AM:AM,AM14)-AO14)) | AV14: 317 | AW14: 0.744 | AX14: =AN14-AP14
A15: Sainsbury | G15: =AU15 | I15: S/J- Solid 95%Cot 5%Inv Lycra 140gsm with PCF 66 | J15: Black | K15: =P15/3 | L15: 800.789 | N15: =M15-L15 | P15: =N15+O15 | Q15: 446252 | R15: Solid | S15: 46325 | U15: 46325 | Y15: 46321 | AJ15: 446252 | AK15: Black | AL15: 140 | AM15: =TRIM(AJ15)&TRIM(AL15)&TRIM(AK15) | AN15: 16424.84 | AO15: 2141.13 | AP15: =SUMIFS(M:M,AM:AM,AM15)+SUMIFS(O:O,AM:AM,AM15) | AQ15: =SUMIFS(L:L,AM:AM,AM15) | AR15: =AQ15-AP15 | AS15: =IF(AN15>=AQ15,"ok","ck") | AT15: =-P15 | AU15: =IF(SUMIFS(AT:AT,AM:AM,AM15)>AO15,(SUMIFS(AT:AT,AM:AM,AM15)-AO15)) | AV15: 317 | AW15: 0.744 | AX15: =AN15-AP15
A16: LIDL | G16: =AU16 | I16: KNIT SINGLE JERSEY CMIA COTTON 95% ELASTANE CRERORA 5% GSM-160 CW-167.6 CM/66 INCH | J16: MID GREY MELANGE | K16: =P16/3 | L16: 0 | M16: =L16 | N16: =M16-L16 | P16: =N16+O16 | Q16: 457575 | R16: Solid | S16: 46320 | U16: 46320 | Y16: 46320 | AJ16: 457575#Style-2604(Menswear/ Boxer)-Creora | AK16: Mid Grey Melange | AL16: 160 | AM16: =TRIM(AJ16)&TRIM(AL16)&TRIM(AK16) | AN16: 2795 | AO16: -56 | AP16: =SUMIFS(M:M,AM:AM,AM16)+SUMIFS(O:O,AM:AM,AM16) | AQ16: =SUMIFS(L:L,AM:AM,AM16) | AR16: =AQ16-AP16 | AS16: =IF(AN16>=AQ16,"ok","ck") | AT16: =-P16 | AU16: =IF(SUMIFS(AT:AT,AM:AM,AM16)>AO16,(SUMIFS(AT:AT,AM:AM,AM16)-AO16)) | AV16: 2795 | AW16: 1.02 | AX16: =AN16-AP16
A17: LIDL | G17: =AU17 | I17: KNIT SINGLE JERSEY CMIA COTTON 95% ELASTANE CRERORA 5% GSM-160 CW-167.6 CM/66 INCH | J17: MID GREY MELANGE | K17: =P17/3 | L17: 0 | M17: =L17 | N17: =M17-L17 | P17: =N17+O17 | Q17: 457575 | R17: Solid | S17: 46324 | U17: 46324 | Y17: 46324 | AJ17: 457575#Style-2604(Menswear/ Boxer)-Creora | AK17: Mid Grey Melange | AL17: 160 | AM17: =TRIM(AJ17)&TRIM(AL17)&TRIM(AK17) | AN17: 2795 | AO17: -56 | AP17: =SUMIFS(M:M,AM:AM,AM17)+SUMIFS(O:O,AM:AM,AM17) | AQ17: =SUMIFS(L:L,AM:AM,AM17) | AR17: =AQ17-AP17 | AS17: =IF(AN17>=AQ17,"ok","ck") | AT17: =-P17 | AU17: =IF(SUMIFS(AT:AT,AM:AM,AM17)>AO17,(SUMIFS(AT:AT,AM:AM,AM17)-AO17)) | AV17: 2795 | AW17: 1.02 | AX17: =AN17-AP17
A18: Sainsbury | G18: =AU18 | I18: S/J Gusset 100% Cotton 110gsm CW64 | J18: TU BLACK | K18: =P18/3 | L18: -0.001 | M18: =L18 | N18: =M18-L18 | P18: =N18+O18 | Q18: 454634 | R18: Solid | S18: 46342 | U18: 46342 | Y18: 46342 | AJ18: 454634 | AK18: Tu Black | AL18: 110 | AM18: =TRIM(AJ18)&TRIM(AL18)&TRIM(AK18) | AN18: 96 | AO18: -2.02 | AP18: =SUMIFS(M:M,AM:AM,AM18)+SUMIFS(O:O,AM:AM,AM18) | AQ18: =SUMIFS(L:L,AM:AM,AM18) | AR18: =AQ18-AP18 | AS18: =IF(AN18>=AQ18,"ok","ck") | AT18: =-P18 | AU18: =IF(SUMIFS(AT:AT,AM:AM,AM18)>AO18,(SUMIFS(AT:AT,AM:AM,AM18)-AO18)) | AV18: 96 | AW18: 1.021 | AX18: =AN18-AP18
A19: M & S - T61 (KPK) | G19: =AU19 | I19: SJ 95% BCI Cmd Cmpt CTN 5% Inv Ly 140gsm CW61” | J19: Ivory 80762 | K19: =P19/3 | L19: 0 | M19: =L19 | N19: =M19-L19 | P19: =N19+O19 | Q19: 457136 | R19: Solid | S19: 46321 | U19: 46321 | Y19: 46321 | AJ19: 457136 | AK19: IVORY 80762 | AL19: 140 | AM19: =TRIM(AJ19)&TRIM(AL19)&TRIM(AK19) | AN19: 600 | AO19: -16.3 | AP19: =SUMIFS(M:M,AM:AM,AM19)+SUMIFS(O:O,AM:AM,AM19) | AQ19: =SUMIFS(L:L,AM:AM,AM19) | AR19: =AQ19-AP19 | AS19: =IF(AN19>=AQ19,"ok","ck") | AT19: =-P19 | AU19: =IF(SUMIFS(AT:AT,AM:AM,AM19)>AO19,(SUMIFS(AT:AT,AM:AM,AM19)-AO19)) | AV19: 600 | AW19: 1.028 | AX19: =AN19-AP19
A20: LIDL | G20: =AU20 | I20: KNIT SINGLE JERSEY CMIA COTTON 95% ELASTANE CRERORA 5% GSM-160 CW-167.6 CM/66 INCH | J20: White | K20: =P20/3 | L20: -332.527 | M20: =L20 | N20: =M20-L20 | P20: =N20+O20 | Q20: 440400 | R20: Solid | S20: 46320 | U20: 46320 | Y20: 46320 | AJ20: 440400#Style-2604 (MENS)-Creora | AK20: White | AL20: 160 | AM20: =TRIM(AJ20)&TRIM(AL20)&TRIM(AK20) | AN20: 70760.04 | AO20: -2548.43 | AP20: =SUMIFS(M:M,AM:AM,AM20)+SUMIFS(O:O,AM:AM,AM20) | AQ20: =SUMIFS(L:L,AM:AM,AM20) | AR20: =AQ20-AP20 | AS20: =IF(AN20>=AQ20,"ok","ck") | AT20: =-P20 | AU20: =IF(SUMIFS(AT:AT,AM:AM,AM20)>AO20,(SUMIFS(AT:AT,AM:AM,AM20)-AO20)) | AV20: 35101.78 | AW20: 1.029 | AX20: =AN20-AP20
A21: Sainsbury | G21: =AU21 | I21: S/J- Solid 95%Cot 5%Inv Lycra 140gsm with PCF 66 | J21: Black | K21: =P21/3 | L21: 364.378 | N21: =M21-L21 | P21: =N21+O21 | Q21: 446252 | R21: Solid | S21: 46325 | U21: 46325 | Y21: 46337 | AJ21: 446252 | AK21: Black | AL21: 140 | AM21: =TRIM(AJ21)&TRIM(AL21)&TRIM(AK21) | AN21: 16424.84 | AO21: 2141.13 | AP21: =SUMIFS(M:M,AM:AM,AM21)+SUMIFS(O:O,AM:AM,AM21) | AQ21: =SUMIFS(L:L,AM:AM,AM21) | AR21: =AQ21-AP21 | AS21: =IF(AN21>=AQ21,"ok","ck") | AT21: =-P21 | AU21: =IF(SUMIFS(AT:AT,AM:AM,AM21)>AO21,(SUMIFS(AT:AT,AM:AM,AM21)-AO21)) | AV21: 317 | AW21: 0.744 | AX21: =AN21-AP21
A22: Sainsbury | G22: =AU22 | I22: S/J- Solid 95%Cot 5%Inv Lycra 140gsm with PCF 66 | J22: Black | K22: =P22/3 | L22: 0.082 | N22: =M22-L22 | P22: =N22+O22 | Q22: 446252 | R22: Solid | S22: 46325 | U22: 46325 | Y22: 46341 | AJ22: 446252 | AK22: Black | AL22: 140 | AM22: =TRIM(AJ22)&TRIM(AL22)&TRIM(AK22) | AN22: 16424.84 | AO22: 2141.13 | AP22: =SUMIFS(M:M,AM:AM,AM22)+SUMIFS(O:O,AM:AM,AM22) | AQ22: =SUMIFS(L:L,AM:AM,AM22) | AR22: =AQ22-AP22 | AS22: =IF(AN22>=AQ22,"ok","ck") | AT22: =-P22 | AU22: =IF(SUMIFS(AT:AT,AM:AM,AM22)>AO22,(SUMIFS(AT:AT,AM:AM,AM22)-AO22)) | AV22: 317 | AW22: 0.744 | AX22: =AN22-AP22
A23: Sainsbury | G23: =AU23 | I23: S/J- Solid 95%Cot 5%Inv Lycra 140gsm with PCF 66 | J23: Nude | K23: =P23/3 | L23: -9.554 | M23: =L23 | N23: =M23-L23 | P23: =N23+O23 | Q23: 446252 | R23: Solid | S23: 46320 | U23: 46320 | Y23: 46320 | AJ23: 446252 | AK23: NUDE | AL23: 140 | AM23: =TRIM(AJ23)&TRIM(AL23)&TRIM(AK23) | AN23: 2601 | AO23: -61 | AP23: =SUMIFS(M:M,AM:AM,AM23)+SUMIFS(O:O,AM:AM,AM23) | AQ23: =SUMIFS(L:L,AM:AM,AM23) | AR23: =AQ23-AP23 | AS23: =IF(AN23>=AQ23,"ok","ck") | AT23: =-P23 | AU23: =IF(SUMIFS(AT:AT,AM:AM,AM23)>AO23,(SUMIFS(AT:AT,AM:AM,AM23)-AO23)) | AV23: 2601 | AW23: 1.024 | AX23: =AN23-AP23
A24: LIDL | G24: =AU24 | I24: 48% LYOCELL 47% CMIA COTTON 5% ELASTANE RIB 2X2 GSM-190 CW-111 CM/44 INCH | J24: Black | K24: =P24/3 | L24: 0 | N24: =M24-L24 | P24: =N24+O24 | Q24: 438197 | R24: Solid | S24: 46331 | U24: 46331 | Y24: 46331 | AJ24: 438197#Style-2604 (MENS)-Creora | AK24: Black | AL24: 190 | AM24: =TRIM(AJ24)&TRIM(AL24)&TRIM(AK24) | AN24: 77382.29 | AO24: 1396.71 | AP24: =SUMIFS(M:M,AM:AM,AM24)+SUMIFS(O:O,AM:AM,AM24) | AQ24: =SUMIFS(L:L,AM:AM,AM24) | AR24: =AQ24-AP24 | AS24: =IF(AN24>=AQ24,"ok","ck") | AT24: =-P24 | AU24: =IF(SUMIFS(AT:AT,AM:AM,AM24)>AO24,(SUMIFS(AT:AT,AM:AM,AM24)-AO24)) | AV24: 9721.87 | AW24: 0.914 | AX24: =AN24-AP24
A25: M & S - T61 (KPK) | G25: =AU25 | I25: SJ 100% BCI Combed Compact Cotton 120gsm CW62” | J25: White AOP Gusset 10001 | K25: =P25/3 | L25: 4.95 | M25: =L25 | N25: =M25-L25 | P25: =N25+O25 | Q25: 441109 | R25: Solid | S25: 46320 | U25: 46320 | Y25: 46320 | AJ25: 441109 | AK25: WHITE 10001 AOP-G | AL25: 120 | AM25: =TRIM(AJ25)&TRIM(AL25)&TRIM(AK25) | AN25: 666 | AO25: -13 | AP25: =SUMIFS(M:M,AM:AM,AM25)+SUMIFS(O:O,AM:AM,AM25) | AQ25: =SUMIFS(L:L,AM:AM,AM25) | AR25: =AQ25-AP25 | AS25: =IF(AN25>=AQ25,"ok","ck") | AT25: =-P25 | AU25: =IF(SUMIFS(AT:AT,AM:AM,AM25)>AO25,(SUMIFS(AT:AT,AM:AM,AM25)-AO25)) | AV25: 666 | AW25: 1.02 | AX25: =AN25-AP25
A26: LIDL | G26: =AU26 | I26: 48% LYOCELL 47% CMIA COTTON 5% ELASTANE RIB 2X2 GSM-190 CW-111 CM/44 INCH | J26: Black | K26: =P26/3 | L26: 0 | N26: =M26-L26 | P26: =N26+O26 | Q26: 438197 | R26: Solid | S26: 46328 | U26: 46328 | Y26: 46328 | AJ26: 438197#Style-2604 (MENS)-Creora | AK26: Black | AL26: 190 | AM26: =TRIM(AJ26)&TRIM(AL26)&TRIM(AK26) | AN26: 77382.29 | AO26: 1396.71 | AP26: =SUMIFS(M:M,AM:AM,AM26)+SUMIFS(O:O,AM:AM,AM26) | AQ26: =SUMIFS(L:L,AM:AM,AM26) | AR26: =AQ26-AP26 | AS26: =IF(AN26>=AQ26,"ok","ck") | AT26: =-P26 | AU26: =IF(SUMIFS(AT:AT,AM:AM,AM26)>AO26,(SUMIFS(AT:AT,AM:AM,AM26)-AO26)) | AV26: 9721.87 | AW26: 0.914 | AX26: =AN26-AP26
A27: M & S - T61 (KPK) | G27: =AU27 | I27: SJ 100% BCI Combed Compact Cotton 120gsm CW62” | J27: Light Cream 81001 | K27: =P27/3 | L27: 0.154 | N27: =M27-L27 | P27: =N27+O27 | Q27: 466842 | R27: Solid | S27: 46345 | U27: 46345 | Y27: 46345 | AJ27: 466842 | AK27: Light Cream 81001 | AL27: 120 | AM27: =TRIM(AJ27)&TRIM(AL27)&TRIM(AK27) | AN27: 0 | AO27: #NA | AP27: =SUMIFS(M:M,AM:AM,AM27)+SUMIFS(O:O,AM:AM,AM27) | AQ27: =SUMIFS(L:L,AM:AM,AM27) | AR27: =AQ27-AP27 | AS27: =IF(AN27>=AQ27,"ok","ck") | AT27: =-P27 | AU27: =IF(SUMIFS(AT:AT,AM:AM,AM27)>AO27,(SUMIFS(AT:AT,AM:AM,AM27)-AO27)) | AV27: 0 | AW27: 0 | AX27: =AN27-AP27
A28: M & S - T61 (KPK) | G28: =AU28 | I28: SJ 100% BCI Combed Compact Cotton 120gsm CW62” | J28: Light Cream 81001 | K28: =P28/3 | L28: 34.44 | N28: =M28-L28 | P28: =N28+O28 | Q28: 466842 | R28: Solid | S28: 46335 | U28: 46335 | Y28: 46337 | AJ28: 466842 | AK28: Light Cream 81001 | AL28: 120 | AM28: =TRIM(AJ28)&TRIM(AL28)&TRIM(AK28) | AN28: 0 | AO28: #NA | AP28: =SUMIFS(M:M,AM:AM,AM28)+SUMIFS(O:O,AM:AM,AM28) | AQ28: =SUMIFS(L:L,AM:AM,AM28) | AR28: =AQ28-AP28 | AS28: =IF(AN28>=AQ28,"ok","ck") | AT28: =-P28 | AU28: =IF(SUMIFS(AT:AT,AM:AM,AM28)>AO28,(SUMIFS(AT:AT,AM:AM,AM28)-AO28)) | AV28: 0 | AW28: 0 | AX28: =AN28-AP28
A29: Sainsbury | G29: =AU29 | I29: S/J Gusset 100% Cotton 110gsm CW64 | J29: TU WHITE 25 | K29: =P29/3 | L29: 2.5 | N29: =M29-L29 | P29: =N29+O29 | Q29: 467667 | R29: Solid | S29: 46340 | U29: 46340 | Y29: 46337 | AJ29: 467667 | AK29: TU White 25 | AL29: 110 | AM29: =TRIM(AJ29)&TRIM(AL29)&TRIM(AK29) | AN29: 0 | AO29: #NA | AP29: =SUMIFS(M:M,AM:AM,AM29)+SUMIFS(O:O,AM:AM,AM29) | AQ29: =SUMIFS(L:L,AM:AM,AM29) | AR29: =AQ29-AP29 | AS29: =IF(AN29>=AQ29,"ok","ck") | AT29: =-P29 | AU29: =IF(SUMIFS(AT:AT,AM:AM,AM29)>AO29,(SUMIFS(AT:AT,AM:AM,AM29)-AO29)) | AV29: 0 | AW29: 0 | AX29: =AN29-AP29
A30: Sainsbury | G30: =AU30 | I30: S/J Gusset 100% Cotton 110gsm CW64 | J30: TU WHITE 25 | K30: =P30/3 | L30: 3.281 | N30: =M30-L30 | P30: =N30+O30 | Q30: 467667 | R30: Solid | S30: 46340 | U30: 46340 | Y30: 46340 | AJ30: 467667 | AK30: TU White 25 | AL30: 110 | AM30: =TRIM(AJ30)&TRIM(AL30)&TRIM(AK30) | AN30: 0 | AO30: #NA | AP30: =SUMIFS(M:M,AM:AM,AM30)+SUMIFS(O:O,AM:AM,AM30) | AQ30: =SUMIFS(L:L,AM:AM,AM30) | AR30: =AQ30-AP30 | AS30: =IF(AN30>=AQ30,"ok","ck") | AT30: =-P30 | AU30: =IF(SUMIFS(AT:AT,AM:AM,AM30)>AO30,(SUMIFS(AT:AT,AM:AM,AM30)-AO30)) | AV30: 0 | AW30: 0 | AX30: =AN30-AP30
A31: T61-KPK | G31: =AU31 | I31: SJ 100% BCI Combed Compact Cotton 120gsm CW62” | J31: White 10001 | K31: =P31/3 | L31: 120.514 | M31: 120.514 | N31: =M31-L31 | P31: =N31+O31 | R31: Solid | S31: 46327 | U31: 1st Nov-10th Nov-1.5k mtr/day, 11th Nov-25th Nov- 2.5k mtr, FOC will deliver on 26th Nov | Y31: 46320 | AL31: 120 | AM31: =TRIM(AJ31)&TRIM(AL31)&TRIM(AK31) | AN31: 0 | AO31: #NA | AP31: =SUMIFS(M:M,AM:AM,AM31)+SUMIFS(O:O,AM:AM,AM31) | AQ31: =SUMIFS(L:L,AM:AM,AM31) | AR31: =AQ31-AP31 | AS31: =IF(AN31>=AQ31,"ok","ck") | AT31: =-P31 | AU31: =IF(SUMIFS(AT:AT,AM:AM,AM31)>AO31,(SUMIFS(AT:AT,AM:AM,AM31)-AO31)) | AV31: #N/A | AW31: #N/A | AX31: =AN31-AP31
A32: M & S - T61 (KPK) | G32: =AU32 | I32: SJ 95% BCI Cmd Cmpt CTN 5% Inv Ly 140gsm CW61” | J32: 62551 PINK | K32: =P32/3 | L32: 27.61 | N32: =M32-L32 | P32: =N32+O32 | Q32: 464904 | R32: Solid | S32: 46320 | U32: 46320 | Y32: 46320 | AJ32: 464904 | AK32: 62551 Pink | AL32: 140 | AM32: =TRIM(AJ32)&TRIM(AL32)&TRIM(AK32) | AN32: 526 | AO32: 28 | AP32: =SUMIFS(M:M,AM:AM,AM32)+SUMIFS(O:O,AM:AM,AM32) | AQ32: =SUMIFS(L:L,AM:AM,AM32) | AR32: =AQ32-AP32 | AS32: =IF(AN32>=AQ32,"ok","ck") | AT32: =-P32 | AU32: =IF(SUMIFS(AT:AT,AM:AM,AM32)>AO32,(SUMIFS(AT:AT,AM:AM,AM32)-AO32)) | AV32: 526 | AW32: 0.949 | AX32: =AN32-AP32
A33: M & S - T51 | G33: =AU33 | I33: SJ 95% BCI Cmd Cmpt CTN 5% Inv Ly 140gsm CW61” | J33: DARK NAVY 33016 | K33: =P33/3 | L33: 0 | M33: =L33 | N33: =M33-L33 | P33: =N33+O33 | Q33: 465410 | R33: Solid | S33: 46321 | U33: 46321 | Y33: 46321 | AJ33: 465410 | AK33: Dark Navy 33016 | AL33: 140 | AM33: =TRIM(AJ33)&TRIM(AL33)&TRIM(AK33) | AN33: 381.01 | AO33: 13.97 | AP33: =SUMIFS(M:M,AM:AM,AM33)+SUMIFS(O:O,AM:AM,AM33) | AQ33: =SUMIFS(L:L,AM:AM,AM33) | AR33: =AQ33-AP33 | AS33: =IF(AN33>=AQ33,"ok","ck") | AT33: =-P33 | AU33: =IF(SUMIFS(AT:AT,AM:AM,AM33)>AO33,(SUMIFS(AT:AT,AM:AM,AM33)-AO33)) | AV33: 381.01 | AW33: 0.965 | AX33: =AN33-AP33
A34: M & S - T51 | G34: =AU34 | I34: SJ 95% BCI Cmd Cmpt CTN 5% Inv Ly 140gsm CW61” | J34: DARK NAVY 33016 | K34: =P34/3 | L34: 14 | M34: =L34 | N34: =M34-L34 | P34: =N34+O34 | Q34: 465410 | R34: Solid | S34: 46331 | U34: 46331 | Y34: 46323 | AJ34: 465410 | AK34: Dark Navy 33016 | AL34: 140 | AM34: =TRIM(AJ34)&TRIM(AL34)&TRIM(AK34) | AN34: 381.01 | AO34: 13.97 | AP34: =SUMIFS(M:M,AM:AM,AM34)+SUMIFS(O:O,AM:AM,AM34) | AQ34: =SUMIFS(L:L,AM:AM,AM34) | AR34: =AQ34-AP34 | AS34: =IF(AN34>=AQ34,"ok","ck") | AT34: =-P34 | AU34: =IF(SUMIFS(AT:AT,AM:AM,AM34)>AO34,(SUMIFS(AT:AT,AM:AM,AM34)-AO34)) | AV34: 381.01 | AW34: 0.965 | AX34: =AN34-AP34
A35: M & S - T51 | G35: =AU35 | I35: SJ 95% BCI Cmd Cmpt CTN 5% Inv Ly 140gsm CW61” | J35: DARK NAVY 33016 | K35: =P35/3 | L35: 0 | M35: =L35 | N35: =M35-L35 | P35: =N35+O35 | Q35: 465410 | R35: Solid | S35: 46321 | U35: 46321 | Y35: 46321 | AJ35: 465410 | AK35: Dark Navy 33016 | AL35: 140 | AM35: =TRIM(AJ35)&TRIM(AL35)&TRIM(AK35) | AN35: 381.01 | AO35: 13.97 | AP35: =SUMIFS(M:M,AM:AM,AM35)+SUMIFS(O:O,AM:AM,AM35) | AQ35: =SUMIFS(L:L,AM:AM,AM35) | AR35: =AQ35-AP35 | AS35: =IF(AN35>=AQ35,"ok","ck") | AT35: =-P35 | AU35: =IF(SUMIFS(AT:AT,AM:AM,AM35)>AO35,(SUMIFS(AT:AT,AM:AM,AM35)-AO35)) | AV35: 381.01 | AW35: 0.965 | AX35: =AN35-AP35
A36: LIDL | G36: =AU36 | I36: 48% LYOCELL 47% CMIA COTTON 5% ELASTANE RIB 2X2 GSM-190 CW-111 CM/44 INCH | J36: Coronet Blue | K36: =P36/3 | L36: 0 | N36: =M36-L36 | P36: =N36+O36 | Q36: 438197 | R36: Solid | S36: 46320 | U36: 46320 | Y36: 46320 | AJ36: 438197#Style-2604 (MENS)-Creora | AK36: Coronet Blue 18-3922 Tcx | AL36: 190 | AM36: =TRIM(AJ36)&TRIM(AL36)&TRIM(AK36) | AN36: 54271.64 | AO36: 3151.36 | AP36: =SUMIFS(M:M,AM:AM,AM36)+SUMIFS(O:O,AM:AM,AM36) | AQ36: =SUMIFS(L:L,AM:AM,AM36) | AR36: =AQ36-AP36 | AS36: =IF(AN36>=AQ36,"ok","ck") | AT36: =-P36 | AU36: =IF(SUMIFS(AT:AT,AM:AM,AM36)>AO36,(SUMIFS(AT:AT,AM:AM,AM36)-AO36)) | AV36: 56 | AW36: 0.093 | AX36: =AN36-AP36
A37: LIDL | G37: =AU37 | I37: 48% LYOCELL 47% CMIA COTTON 5% ELASTANE RIB 2X2 GSM-190 CW-111 CM/44 INCH | J37: Coronet Blue | K37: =P37/3 | L37: 0 | N37: =M37-L37 | P37: =N37+O37 | Q37: 438197 | R37: Solid | S37: 46320 | U37: 46320 | Y37: 46320 | AJ37: 438197#Style-2604 (MENS)-Creora | AK37: Coronet Blue 18-3922 Tcx | AL37: 190 | AM37: =TRIM(AJ37)&TRIM(AL37)&TRIM(AK37) | AN37: 54271.64 | AO37: 3151.36 | AP37: =SUMIFS(M:M,AM:AM,AM37)+SUMIFS(O:O,AM:AM,AM37) | AQ37: =SUMIFS(L:L,AM:AM,AM37) | AR37: =AQ37-AP37 | AS37: =IF(AN37>=AQ37,"ok","ck") | AT37: =-P37 | AU37: =IF(SUMIFS(AT:AT,AM:AM,AM37)>AO37,(SUMIFS(AT:AT,AM:AM,AM37)-AO37)) | AV37: 56 | AW37: 0.093 | AX37: =AN37-AP37
A38: LIDL | G38: =AU38 | I38: 48% LYOCELL 47% CMIA COTTON 5% ELASTANE RIB 2X2 GSM-190 CW-111 CM/44 INCH | J38: Coronet Blue | K38: =P38/3 | L38: 0 | N38: =M38-L38 | P38: =N38+O38 | Q38: 438197 | R38: Solid | S38: 46320 | U38: 46320 | Y38: 46320 | AJ38: 438197#Style-2604 (MENS)-Creora | AK38: Coronet Blue 18-3922 Tcx | AL38: 190 | AM38: =TRIM(AJ38)&TRIM(AL38)&TRIM(AK38) | AN38: 54271.64 | AO38: 3151.36 | AP38: =SUMIFS(M:M,AM:AM,AM38)+SUMIFS(O:O,AM:AM,AM38) | AQ38: =SUMIFS(L:L,AM:AM,AM38) | AR38: =AQ38-AP38 | AS38: =IF(AN38>=AQ38,"ok","ck") | AT38: =-P38 | AU38: =IF(SUMIFS(AT:AT,AM:AM,AM38)>AO38,(SUMIFS(AT:AT,AM:AM,AM38)-AO38)) | AV38: 56 | AW38: 0.093 | AX38: =AN38-AP38
A39: LIDL | G39: =AU39 | I39: 48% LYOCELL 47% CMIA COTTON 5% ELASTANE RIB 2X2 GSM-190 CW-111 CM/44 INCH | J39: Coronet Blue | K39: =P39/3 | L39: 0 | N39: =M39-L39 | P39: =N39+O39 | Q39: 438197 | R39: Solid | S39: 46331 | U39: 46331 | Y39: 46331 | AJ39: 438197#Style-2604 (MENS)-Creora | AK39: Coronet Blue 18-3922 Tcx | AL39: 190 | AM39: =TRIM(AJ39)&TRIM(AL39)&TRIM(AK39) | AN39: 54271.64 | AO39: 3151.36 | AP39: =SUMIFS(M:M,AM:AM,AM39)+SUMIFS(O:O,AM:AM,AM39) | AQ39: =SUMIFS(L:L,AM:AM,AM39) | AR39: =AQ39-AP39 | AS39: =IF(AN39>=AQ39,"ok","ck") | AT39: =-P39 | AU39: =IF(SUMIFS(AT:AT,AM:AM,AM39)>AO39,(SUMIFS(AT:AT,AM:AM,AM39)-AO39)) | AV39: 56 | AW39: 0.093 | AX39: =AN39-AP39
A40: LIDL | G40: =AU40 | I40: 48% LYOCELL 47% CMIA COTTON 5% ELASTANE RIB 2X2 GSM-190 CW-111 CM/44 INCH | J40: Coronet Blue | K40: =P40/3 | L40: 0 | N40: =M40-L40 | P40: =N40+O40 | Q40: 438197 | R40: Solid | S40: 46340 | U40: 46340 | Y40: 46340 | AJ40: 438197#Style-2604 (MENS)-Creora | AK40: Coronet Blue 18-3922 Tcx | AL40: 190 | AM40: =TRIM(AJ40)&TRIM(AL40)&TRIM(AK40) | AN40: 54271.64 | AO40: 3151.36 | AP40: =SUMIFS(M:M,AM:AM,AM40)+SUMIFS(O:O,AM:AM,AM40) | AQ40: =SUMIFS(L:L,AM:AM,AM40) | AR40: =AQ40-AP40 | AS40: =IF(AN40>=AQ40,"ok","ck") | AT40: =-P40 | AU40: =IF(SUMIFS(AT:AT,AM:AM,AM40)>AO40,(SUMIFS(AT:AT,AM:AM,AM40)-AO40)) | AV40: 56 | AW40: 0.093 | AX40: =AN40-AP40
A41: LIDL | G41: =AU41 | I41: 48% LYOCELL 47% CMIA COTTON 5% ELASTANE RIB 2X2 GSM-190 CW-111 CM/44 INCH | J41: Sky Captain | K41: =P41/3 | L41: 0 | N41: =M41-L41 | P41: =N41+O41 | Q41: 438197 | R41: Solid | S41: 46320 | U41: 46320 | Y41: 46320 | AJ41: 438197#Style-2604 (MENS)-Creora | AK41: Sky Captain 19-3922 TCX | AL41: 190 | AM41: =TRIM(AJ41)&TRIM(AL41)&TRIM(AK41) | AN41: 55976.65 | AO41: 1626.51 | AP41: =SUMIFS(M:M,AM:AM,AM41)+SUMIFS(O:O,AM:AM,AM41) | AQ41: =SUMIFS(L:L,AM:AM,AM41) | AR41: =AQ41-AP41 | AS41: =IF(AN41>=AQ41,"ok","ck") | AT41: =-P41 | AU41: =IF(SUMIFS(AT:AT,AM:AM,AM41)>AO41,(SUMIFS(AT:AT,AM:AM,AM41)-AO41)) | AV41: 48 | AW41: 0.266 | AX41: =AN41-AP41
A42: LIDL | G42: =AU42 | I42: 48% LYOCELL 47% CMIA COTTON 5% ELASTANE RIB 2X2 GSM-190 CW-111 CM/44 INCH | J42: Sky Captain | K42: =P42/3 | L42: 0 | N42: =M42-L42 | P42: =N42+O42 | Q42: 438197 | R42: Solid | S42: 46320 | U42: 46320 | Y42: 46320 | AJ42: 438197#Style-2604 (MENS)-Creora | AK42: Sky Captain 19-3922 TCX | AL42: 190 | AM42: =TRIM(AJ42)&TRIM(AL42)&TRIM(AK42) | AN42: 55976.65 | AO42: 1626.51 | AP42: =SUMIFS(M:M,AM:AM,AM42)+SUMIFS(O:O,AM:AM,AM42) | AQ42: =SUMIFS(L:L,AM:AM,AM42) | AR42: =AQ42-AP42 | AS42: =IF(AN42>=AQ42,"ok","ck") | AT42: =-P42 | AU42: =IF(SUMIFS(AT:AT,AM:AM,AM42)>AO42,(SUMIFS(AT:AT,AM:AM,AM42)-AO42)) | AV42: 48 | AW42: 0.266 | AX42: =AN42-AP42
A43: Sainsbury | G43: =AU43 | I43: S/J Gusset 100% Cotton 110gsm CW64 | J43: Sepia Rose 14-1803 TCX | K43: =P43/3 | L43: 0 | N43: =M43-L43 | P43: =N43+O43 | Q43: 454568 | R43: Solid | S43: 46334 | U43: 46334 | Y43: 46334 | AJ43: 454568 | AK43: SEPIA ROSE 14-1803 TCX | AL43: 110 | AM43: =TRIM(AJ43)&TRIM(AL43)&TRIM(AK43) | AN43: 0 | AO43: #NA | AP43: =SUMIFS(M:M,AM:AM,AM43)+SUMIFS(O:O,AM:AM,AM43) | AQ43: =SUMIFS(L:L,AM:AM,AM43) | AR43: =AQ43-AP43 | AS43: =IF(AN43>=AQ43,"ok","ck") | AT43: =-P43 | AU43: =IF(SUMIFS(AT:AT,AM:AM,AM43)>AO43,(SUMIFS(AT:AT,AM:AM,AM43)-AO43)) | AV43: 0 | AW43: 0 | AX43: =AN43-AP43
A44: M & S - T61 (KPK) | G44: =AU44 | I44: SJ 100% BCI Combed Compact Cotton 120gsm CW62” | J44: Light Cream 81001 | K44: =P44/3 | L44: 43.05 | M44: =L44 | N44: =M44-L44 | P44: =N44+O44 | Q44: 463564 | R44: Solid | S44: 46333 | U44: 46333 | Y44: 46323 | AJ44: 463564 | AK44: Light Cream 81001 | AL44: 120 | AM44: =TRIM(AJ44)&TRIM(AL44)&TRIM(AK44) | AN44: 921 | AO44: -44 | AP44: =SUMIFS(M:M,AM:AM,AM44)+SUMIFS(O:O,AM:AM,AM44) | AQ44: =SUMIFS(L:L,AM:AM,AM44) | AR44: =AQ44-AP44 | AS44: =IF(AN44>=AQ44,"ok","ck") | AT44: =-P44 | AU44: =IF(SUMIFS(AT:AT,AM:AM,AM44)>AO44,(SUMIFS(AT:AT,AM:AM,AM44)-AO44)) | AV44: 921 | AW44: 1.05 | AX44: =AN44-AP44
A45: M & S - T61 (KPK) | G45: =AU45 | I45: SJ 100% BCI Combed Compact Cotton 120gsm CW62” | J45: Light Cream 81001 | K45: =P45/3 | L45: 43.05 | M45: =L45 | N45: =M45-L45 | P45: =N45+O45 | Q45: 463564 | R45: Solid | S45: 46333 | U45: 46333 | Y45: 46342 | AJ45: 463564 | AK45: Light Cream 81001 | AL45: 120 | AM45: =TRIM(AJ45)&TRIM(AL45)&TRIM(AK45) | AN45: 921 | AO45: -44 | AP45: =SUMIFS(M:M,AM:AM,AM45)+SUMIFS(O:O,AM:AM,AM45) | AQ45: =SUMIFS(L:L,AM:AM,AM45) | AR45: =AQ45-AP45 | AS45: =IF(AN45>=AQ45,"ok","ck") | AT45: =-P45 | AU45: =IF(SUMIFS(AT:AT,AM:AM,AM45)>AO45,(SUMIFS(AT:AT,AM:AM,AM45)-AO45)) | AV45: 921 | AW45: 1.05 | AX45: =AN45-AP45
A46: M & S - T61 (KPK) | G46: =AU46 | I46: SJ 100% BCI Combed Compact Cotton 120gsm CW62” | J46: Light Cream 81001 | K46: =P46/3 | L46: 123 | M46: =L46 | N46: =M46-L46 | P46: =N46+O46 | Q46: 463564 | R46: Solid | S46: 46333 | U46: 46333 | Y46: 46344 | AJ46: 463564 | AK46: Light Cream 81001 | AL46: 120 | AM46: =TRIM(AJ46)&TRIM(AL46)&TRIM(AK46) | AN46: 921 | AO46: -44 | AP46: =SUMIFS(M:M,AM:AM,AM46)+SUMIFS(O:O,AM:AM,AM46) | AQ46: =SUMIFS(L:L,AM:AM,AM46) | AR46: =AQ46-AP46 | AS46: =IF(AN46>=AQ46,"ok","ck") | AT46: =-P46 | AU46: =IF(SUMIFS(AT:AT,AM:AM,AM46)>AO46,(SUMIFS(AT:AT,AM:AM,AM46)-AO46)) | AV46: 921 | AW46: 1.05 | AX46: =AN46-AP46
A47: M & S - T61 (KPK) | G47: =AU47 | I47: SJ 100% BCI Combed Compact Cotton 120gsm CW62” | J47: Light Cream 81001 | K47: =P47/3 | L47: 20.75 | M47: =L47 | N47: =M47-L47 | P47: =N47+O47 | Q47: 463564 | R47: Solid | S47: 46333 | U47: 46333 | Y47: 46321 | AJ47: 463564 | AK47: Light Cream 81001 | AL47: 120 | AM47: =TRIM(AJ47)&TRIM(AL47)&TRIM(AK47) | AN47: 921 | AO47: -44 | AP47: =SUMIFS(M:M,AM:AM,AM47)+SUMIFS(O:O,AM:AM,AM47) | AQ47: =SUMIFS(L:L,AM:AM,AM47) | AR47: =AQ47-AP47 | AS47: =IF(AN47>=AQ47,"ok","ck") | AT47: =-P47 | AU47: =IF(SUMIFS(AT:AT,AM:AM,AM47)>AO47,(SUMIFS(AT:AT,AM:AM,AM47)-AO47)) | AV47: 921 | AW47: 1.05 | AX47: =AN47-AP47
A48: M & S - T61 (KPK) | G48: =AU48 | I48: SJ 100% BCI Combed Compact Cotton 120gsm CW62” | J48: Light Cream 81001 | K48: =P48/3 | L48: 18.675 | M48: =L48 | N48: =M48-L48 | P48: =N48+O48 | Q48: 463564 | R48: Solid | S48: 46333 | U48: 46333 | Y48: 46331 | AJ48: 463564 | AK48: Light Cream 81001 | AL48: 120 | AM48: =TRIM(AJ48)&TRIM(AL48)&TRIM(AK48) | AN48: 921 | AO48: -44 | AP48: =SUMIFS(M:M,AM:AM,AM48)+SUMIFS(O:O,AM:AM,AM48) | AQ48: =SUMIFS(L:L,AM:AM,AM48) | AR48: =AQ48-AP48 | AS48: =IF(AN48>=AQ48,"ok","ck") | AT48: =-P48 | AU48: =IF(SUMIFS(AT:AT,AM:AM,AM48)>AO48,(SUMIFS(AT:AT,AM:AM,AM48)-AO48)) | AV48: 921 | AW48: 1.05 | AX48: =AN48-AP48
A49: M & S - T61 (KPK) | G49: =AU49 | I49: SJ 100% BCI Combed Compact Cotton 120gsm CW62” | J49: Light Cream 81001 | K49: =P49/3 | L49: 0.134 | M49: =L49 | N49: =M49-L49 | P49: =N49+O49 | Q49: 463564 | R49: Solid | S49: 46323 | U49: 46323 | Y49: 46323 | AJ49: 463564 | AK49: Light Cream 81001 | AL49: 120 | AM49: =TRIM(AJ49)&TRIM(AL49)&TRIM(AK49) | AN49: 921 | AO49: -44 | AP49: =SUMIFS(M:M,AM:AM,AM49)+SUMIFS(O:O,AM:AM,AM49) | AQ49: =SUMIFS(L:L,AM:AM,AM49) | AR49: =AQ49-AP49 | AS49: =IF(AN49>=AQ49,"ok","ck") | AT49: =-P49 | AU49: =IF(SUMIFS(AT:AT,AM:AM,AM49)>AO49,(SUMIFS(AT:AT,AM:AM,AM49)-AO49)) | AV49: 921 | AW49: 1.05 | AX49: =AN49-AP49
A50: M & S - T61 (KPK) | G50: =AU50 | I50: SJ 100% BCI Combed Compact Cotton 120gsm CW62” | J50: Light Cream 81001 | K50: =P50/3 | L50: 44.4 | M50: =L50 | N50: =M50-L50 | P50: =N50+O50 | Q50: 463564 | R50: Solid | S50: 46333 | U50: 46333 | Y50: 46326 | AJ50: 463564 | AK50: Light Cream 81001 | AL50: 120 | AM50: =TRIM(AJ50)&TRIM(AL50)&TRIM(AK50) | AN50: 921 | AO50: -44 | AP50: =SUMIFS(M:M,AM:AM,AM50)+SUMIFS(O:O,AM:AM,AM50) | AQ50: =SUMIFS(L:L,AM:AM,AM50) | AR50: =AQ50-AP50 | AS50: =IF(AN50>=AQ50,"ok","ck") | AT50: =-P50 | AU50: =IF(SUMIFS(AT:AT,AM:AM,AM50)>AO50,(SUMIFS(AT:AT,AM:AM,AM50)-AO50)) | AV50: 921 | AW50: 1.05 | AX50: =AN50-AP50
A51: M & S - T61 (KPK) | G51: =AU51 | I51: SJ 100% BCI Combed Compact Cotton 120gsm CW62” | J51: Light Cream 81001 | K51: =P51/3 | L51: 33.3 | M51: =L51 | N51: =M51-L51 | P51: =N51+O51 | Q51: 463564 | R51: Solid | S51: 46333 | U51: 46333 | Y51: 46334 | AJ51: 463564 | AK51: Light Cream 81001 | AL51: 120 | AM51: =TRIM(AJ51)&TRIM(AL51)&TRIM(AK51) | AN51: 921 | AO51: -44 | AP51: =SUMIFS(M:M,AM:AM,AM51)+SUMIFS(O:O,AM:AM,AM51) | AQ51: =SUMIFS(L:L,AM:AM,AM51) | AR51: =AQ51-AP51 | AS51: =IF(AN51>=AQ51,"ok","ck") | AT51: =-P51 | AU51: =IF(SUMIFS(AT:AT,AM:AM,AM51)>AO51,(SUMIFS(AT:AT,AM:AM,AM51)-AO51)) | AV51: 921 | AW51: 1.05 | AX51: =AN51-AP51
A52: M & S - T61 (SHK) | G52: =AU52 | I52: SJ BCI 100% CTN NORMAL FINISH 120GSM CUT WIDTH 62 | J52: WHITE 10001 | K52: =P52/3 | L52: 0 | M52: =L52 | N52: =M52-L52 | P52: =N52+O52 | Q52: 441327 | R52: Solid | S52: 46320 | U52: 46320 | Y52: 46320 | AJ52: 441327 | AK52: White 10001 | AL52: 120 | AM52: =TRIM(AJ52)&TRIM(AL52)&TRIM(AK52) | AN52: 1326 | AO52: -28 | AP52: =SUMIFS(M:M,AM:AM,AM52)+SUMIFS(O:O,AM:AM,AM52) | AQ52: =SUMIFS(L:L,AM:AM,AM52) | AR52: =AQ52-AP52 | AS52: =IF(AN52>=AQ52,"ok","ck") | AT52: =-P52 | AU52: =IF(SUMIFS(AT:AT,AM:AM,AM52)>AO52,(SUMIFS(AT:AT,AM:AM,AM52)-AO52)) | AV52: 1326 | AW52: 1.022 | AX52: =AN52-AP52
A53: M & S - T61 (KPK) | G53: =AU53 | I53: SJ 100% BCI Combed Compact Cotton 120gsm CW62” | J53: Light Cream 81001 | K53: =P53/3 | L53: 36.846 | M53: =L53 | N53: =M53-L53 | P53: =N53+O53 | Q53: 463564 | R53: Solid | S53: 46333 | U53: 46333 | Y53: 46320 | AJ53: 463564 | AK53: Light Cream 81001 | AL53: 120 | AM53: =TRIM(AJ53)&TRIM(AL53)&TRIM(AK53) | AN53: 921 | AO53: -44 | AP53: =SUMIFS(M:M,AM:AM,AM53)+SUMIFS(O:O,AM:AM,AM53) | AQ53: =SUMIFS(L:L,AM:AM,AM53) | AR53: =AQ53-AP53 | AS53: =IF(AN53>=AQ53,"ok","ck") | AT53: =-P53 | AU53: =IF(SUMIFS(AT:AT,AM:AM,AM53)>AO53,(SUMIFS(AT:AT,AM:AM,AM53)-AO53)) | AV53: 921 | AW53: 1.05 | AX53: =AN53-AP53
A54: LIDL | G54: =AU54 | I54: 48% LYOCELL 47% CMIA COTTON 5% ELASTANE RIB 2X2 GSM-190 CW-111 CM/44 INCH | J54: Sky Captain | K54: =P54/3 | L54: 0 | N54: =M54-L54 | P54: =N54+O54 | Q54: 438197 | R54: Solid | S54: 46320 | U54: 46320 | Y54: 46320 | AJ54: 438197#Style-2604 (MENS)-Creora | AK54: Sky Captain 19-3922 TCX | AL54: 190 | AM54: =TRIM(AJ54)&TRIM(AL54)&TRIM(AK54) | AN54: 55976.65 | AO54: 1626.51 | AP54: =SUMIFS(M:M,AM:AM,AM54)+SUMIFS(O:O,AM:AM,AM54) | AQ54: =SUMIFS(L:L,AM:AM,AM54) | AR54: =AQ54-AP54 | AS54: =IF(AN54>=AQ54,"ok","ck") | AT54: =-P54 | AU54: =IF(SUMIFS(AT:AT,AM:AM,AM54)>AO54,(SUMIFS(AT:AT,AM:AM,AM54)-AO54)) | AV54: 48 | AW54: 0.266 | AX54: =AN54-AP54
A55: LIDL | G55: =AU55 | I55: 48% LYOCELL 47% CMIA COTTON 5% ELASTANE RIB 2X2 GSM-190 CW-111 CM/44 INCH | J55: Sky Captain | K55: =P55/3 | L55: 0 | N55: =M55-L55 | P55: =N55+O55 | Q55: 438197 | R55: Solid | S55: 46331 | U55: 46331 | Y55: 46331 | AJ55: 438197#Style-2604 (MENS)-Creora | AK55: Sky Captain 19-3922 TCX | AL55: 190 | AM55: =TRIM(AJ55)&TRIM(AL55)&TRIM(AK55) | AN55: 55976.65 | AO55: 1626.51 | AP55: =SUMIFS(M:M,AM:AM,AM55)+SUMIFS(O:O,AM:AM,AM55) | AQ55: =SUMIFS(L:L,AM:AM,AM55) | AR55: =AQ55-AP55 | AS55: =IF(AN55>=AQ55,"ok","ck") | AT55: =-P55 | AU55: =IF(SUMIFS(AT:AT,AM:AM,AM55)>AO55,(SUMIFS(AT:AT,AM:AM,AM55)-AO55)) | AV55: 48 | AW55: 0.266 | AX55: =AN55-AP55
A56: LIDL | G56: =AU56 | I56: 48% LYOCELL 47% CMIA COTTON 5% ELASTANE RIB 2X2 GSM-190 CW-111 CM/44 INCH | J56: Sky Captain | K56: =P56/3 | L56: 0 | N56: =M56-L56 | P56: =N56+O56 | Q56: 438197 | R56: Solid | S56: 46340 | U56: 46340 | Y56: 46340 | AJ56: 438197#Style-2604 (MENS)-Creora | AK56: Sky Captain 19-3922 TCX | AL56: 190 | AM56: =TRIM(AJ56)&TRIM(AL56)&TRIM(AK56) | AN56: 55976.65 | AO56: 1626.51 | AP56: =SUMIFS(M:M,AM:AM,AM56)+SUMIFS(O:O,AM:AM,AM56) | AQ56: =SUMIFS(L:L,AM:AM,AM56) | AR56: =AQ56-AP56 | AS56: =IF(AN56>=AQ56,"ok","ck") | AT56: =-P56 | AU56: =IF(SUMIFS(AT:AT,AM:AM,AM56)>AO56,(SUMIFS(AT:AT,AM:AM,AM56)-AO56)) | AV56: 48 | AW56: 0.266 | AX56: =AN56-AP56
A57: T61-KPK | G57: =AU57 | I57: SJ 95% BCI Cmd Cmpt CTN 5% Inv Ly 140gsm CW61” | J57: White 10001 | K57: =P57/3 | L57: 1377.767 | N57: =M57-L57 | P57: =N57+O57 | R57: Solid | S57: 46336 | U57: 1st Nov-10th Nov-1.5k mtr/day, 11th Nov-25th Nov- 2.5k mtr, FOC will deliver on 26th Nov | Y57: 46323 | AL57: 140 | AM57: =TRIM(AJ57)&TRIM(AL57)&TRIM(AK57) | AN57: 0 | AO57: #NA | AP57: =SUMIFS(M:M,AM:AM,AM57)+SUMIFS(O:O,AM:AM,AM57) | AQ57: =SUMIFS(L:L,AM:AM,AM57) | AR57: =AQ57-AP57 | AS57: =IF(AN57>=AQ57,"ok","ck") | AT57: =-P57 | AU57: =IF(SUMIFS(AT:AT,AM:AM,AM57)>AO57,(SUMIFS(AT:AT,AM:AM,AM57)-AO57)) | AV57: #N/A | AW57: #N/A | AX57: =AN57-AP57
A58: Sainsbury | G58: =AU58 | I58: S/J Gusset 100% Cotton 110gsm CW64 | J58: TWILIGHT MAUVE | K58: =P58/3 | L58: 0 | M58: =L58 | N58: =M58-L58 | P58: =N58+O58 | Q58: 454634 | R58: Solid | S58: 46335 | U58: 46335 | Y58: 46335 | AJ58: 454634 | AK58: TWILIGHT MAUVE 18-1807 TCX | AL58: 110 | AM58: =TRIM(AJ58)&TRIM(AL58)&TRIM(AK58) | AN58: 35 | AO58: 0 | AP58: =SUMIFS(M:M,AM:AM,AM58)+SUMIFS(O:O,AM:AM,AM58) | AQ58: =SUMIFS(L:L,AM:AM,AM58) | AR58: =AQ58-AP58 | AS58: =IF(AN58>=AQ58,"ok","ck") | AT58: =-P58 | AU58: =IF(SUMIFS(AT:AT,AM:AM,AM58)>AO58,(SUMIFS(AT:AT,AM:AM,AM58)-AO58)) | AV58: 35 | AW58: 1 | AX58: =AN58-AP58
A59: Sainsbury | G59: =AU59 | I59: S/J Gusset 100% Cotton 110gsm CW64 | J59: TU BLACK | K59: =P59/3 | L59: -0.183 | M59: =L59 | N59: =M59-L59 | P59: =N59+O59 | Q59: 454634 | R59: Solid | S59: 46337 | U59: 46337 | Y59: 46337 | AJ59: 454634 | AK59: Tu Black | AL59: 110 | AM59: =TRIM(AJ59)&TRIM(AL59)&TRIM(AK59) | AN59: 96 | AO59: -2.02 | AP59: =SUMIFS(M:M,AM:AM,AM59)+SUMIFS(O:O,AM:AM,AM59) | AQ59: =SUMIFS(L:L,AM:AM,AM59) | AR59: =AQ59-AP59 | AS59: =IF(AN59>=AQ59,"ok","ck") | AT59: =-P59 | AU59: =IF(SUMIFS(AT:AT,AM:AM,AM59)>AO59,(SUMIFS(AT:AT,AM:AM,AM59)-AO59)) | AV59: 96 | AW59: 1.021 | AX59: =AN59-AP59
A60: Sainsbury | G60: =AU60 | I60: SINGLE JERSEY 100% COTTON 110GSM | J60: HUSHED VIOLET | K60: =P60/3 | L60: 1.442 | M60: =L60 | N60: =M60-L60 | P60: =N60+O60 | Q60: 436590 | R60: Solid | S60: 46320 | U60: 46320 | Y60: 46320 | AJ60: 436590/442546 | AK60: Hushed Violet 14-3803 Tcx | AL60: 110 | AM60: =TRIM(AJ60)&TRIM(AL60)&TRIM(AK60) | AN60: 233 | AO60: -0.5 | AP60: =SUMIFS(M:M,AM:AM,AM60)+SUMIFS(O:O,AM:AM,AM60) | AQ60: =SUMIFS(L:L,AM:AM,AM60) | AR60: =AQ60-AP60 | AS60: =IF(AN60>=AQ60,"ok","ck") | AT60: =-P60 | AU60: =IF(SUMIFS(AT:AT,AM:AM,AM60)>AO60,(SUMIFS(AT:AT,AM:AM,AM60)-AO60)) | AV60: 233 | AW60: 1.002 | AX60: =AN60-AP60
A61: M & S - T61 (KPK) | G61: =AU61 | I61: SJ 100% BCI Combed Compact Cotton 120gsm CW62” | J61: MOONDAST | K61: =P61/3 | L61: 0 | N61: =M61-L61 | P61: =N61+O61 | Q61: 440575 | R61: Solid | S61: 46320 | U61: 46320 | Y61: 46320 | AJ61: 440575 | AK61: 33396 Moondust | AL61: 120 | AM61: =TRIM(AJ61)&TRIM(AL61)&TRIM(AK61) | AN61: 569.91 | AO61: 70.32 | AP61: =SUMIFS(M:M,AM:AM,AM61)+SUMIFS(O:O,AM:AM,AM61) | AQ61: =SUMIFS(L:L,AM:AM,AM61) | AR61: =AQ61-AP61 | AS61: =IF(AN61>=AQ61,"ok","ck") | AT61: =-P61 | AU61: =IF(SUMIFS(AT:AT,AM:AM,AM61)>AO61,(SUMIFS(AT:AT,AM:AM,AM61)-AO61)) | AV61: 569.91 | AW61: 0.89 | AX61: =AN61-AP61
A62: M & S - T61 (KPK) | G62: =AU62 | I62: SJ 95% BCI Cmd Cmpt CTN 5% Inv Ly 140gsm CW61” | J62: BROSS B1123 | K62: =P62/3 | L62: 0 | M62: =L62 | N62: =M62-L62 | P62: =N62+O62 | Q62: 440575 | R62: Solid | S62: 46320 | U62: 46320 | Y62: 46320 | AJ62: 440575 | AK62: BROSS B1123 | AL62: 140 | AM62: =TRIM(AJ62)&TRIM(AL62)&TRIM(AK62) | AN62: 4136 | AO62: -59.04 | AP62: =SUMIFS(M:M,AM:AM,AM62)+SUMIFS(O:O,AM:AM,AM62) | AQ62: =SUMIFS(L:L,AM:AM,AM62) | AR62: =AQ62-AP62 | AS62: =IF(AN62>=AQ62,"ok","ck") | AT62: =-P62 | AU62: =IF(SUMIFS(AT:AT,AM:AM,AM62)>AO62,(SUMIFS(AT:AT,AM:AM,AM62)-AO62)) | AV62: 4136 | AW62: 1.014 | AX62: =AN62-AP62
A63: M & S - T61 (KPK) | G63: =AU63 | I63: SJ 100% BCI Combed Compact Cotton 120gsm CW62” | J63: 81002 SILVER GREY | K63: =P63/3 | L63: -1.186 | M63: =L63 | N63: =M63-L63 | P63: =N63+O63 | Q63: 440575 | R63: Solid | S63: 46320 | U63: 46320 | Y63: 46320 | AJ63: 440575 | AK63: 81002 Silver Grey | AL63: 120 | AM63: =TRIM(AJ63)&TRIM(AL63)&TRIM(AK63) | AN63: 488 | AO63: -11.43 | AP63: =SUMIFS(M:M,AM:AM,AM63)+SUMIFS(O:O,AM:AM,AM63) | AQ63: =SUMIFS(L:L,AM:AM,AM63) | AR63: =AQ63-AP63 | AS63: =IF(AN63>=AQ63,"ok","ck") | AT63: =-P63 | AU63: =IF(SUMIFS(AT:AT,AM:AM,AM63)>AO63,(SUMIFS(AT:AT,AM:AM,AM63)-AO63)) | AV63: 488 | AW63: 1.024 | AX63: =AN63-AP63
A64: Rawbought | G64: =AU64 | I64: KNIT WEFT KNITTED JERSEY LENZING MODAL 95% LYCRA 5% GSM-165 CW-155 CM/61 INCH | J64: Mistletoe Mood | K64: =P64/3 | L64: 2.769 | N64: =M64-L64 | P64: =N64+O64 | Q64: 467286 | R64: Solid | S64: 46337 | U64: 46337 | Y64: 46326 | AJ64: 467286 | AK64: Aloe 17-0620 TCX | AL64: 165 | AM64: =TRIM(AJ64)&TRIM(AL64)&TRIM(AK64) | AN64: 0 | AO64: #NA | AP64: =SUMIFS(M:M,AM:AM,AM64)+SUMIFS(O:O,AM:AM,AM64) | AQ64: =SUMIFS(L:L,AM:AM,AM64) | AR64: =AQ64-AP64 | AS64: =IF(AN64>=AQ64,"ok","ck") | AT64: =-P64 | AU64: =IF(SUMIFS(AT:AT,AM:AM,AM64)>AO64,(SUMIFS(AT:AT,AM:AM,AM64)-AO64)) | AV64: 0 | AW64: 0 | AX64: =AN64-AP64
A65: Rawbought | G65: =AU65 | I65: KNIT WEFT KNITTED JERSEY LENZING MODAL 95% LYCRA 5% GSM-165 CW-155 CM/61 INCH | J65: Mistletoe Mood | K65: =P65/3 | L65: 0.693 | N65: =M65-L65 | P65: =N65+O65 | Q65: 467286 | R65: Solid | S65: 46332 | U65: 46332 | Y65: 46327 | AJ65: 467286 | AK65: Aloe 17-0620 TCX | AL65: 165 | AM65: =TRIM(AJ65)&TRIM(AL65)&TRIM(AK65) | AN65: 0 | AO65: #NA | AP65: =SUMIFS(M:M,AM:AM,AM65)+SUMIFS(O:O,AM:AM,AM65) | AQ65: =SUMIFS(L:L,AM:AM,AM65) | AR65: =AQ65-AP65 | AS65: =IF(AN65>=AQ65,"ok","ck") | AT65: =-P65 | AU65: =IF(SUMIFS(AT:AT,AM:AM,AM65)>AO65,(SUMIFS(AT:AT,AM:AM,AM65)-AO65)) | AV65: 0 | AW65: 0 | AX65: =AN65-AP65
A66: Rawbought | G66: =AU66 | I66: KNIT WEFT KNITTED JERSEY LENZING MODAL 95% LYCRA 5% GSM-165 CW-155 CM/61 INCH | J66: Mistletoe Mood | K66: =P66/3 | L66: 0.693 | N66: =M66-L66 | P66: =N66+O66 | Q66: 467286 | R66: Solid | S66: 46332 | U66: 46332 | Y66: 46327 | AJ66: 467286 | AK66: Aloe 17-0620 TCX | AL66: 165 | AM66: =TRIM(AJ66)&TRIM(AL66)&TRIM(AK66) | AN66: 0 | AO66: #NA | AP66: =SUMIFS(M:M,AM:AM,AM66)+SUMIFS(O:O,AM:AM,AM66) | AQ66: =SUMIFS(L:L,AM:AM,AM66) | AR66: =AQ66-AP66 | AS66: =IF(AN66>=AQ66,"ok","ck") | AT66: =-P66 | AU66: =IF(SUMIFS(AT:AT,AM:AM,AM66)>AO66,(SUMIFS(AT:AT,AM:AM,AM66)-AO66)) | AV66: 0 | AW66: 0 | AX66: =AN66-AP66
A67: Rawbought | G67: =AU67 | I67: KNIT WEFT KNITTED JERSEY LENZING MODAL 95% LYCRA 5% GSM-165 CW-155 CM/61 INCH | J67: Mistletoe Mood | K67: =P67/3 | L67: 25.449 | N67: =M67-L67 | P67: =N67+O67 | Q67: 467286 | R67: Solid | S67: 46332 | U67: 46332 | Y67: 46326 | AJ67: 467286 | AK67: Aloe 17-0620 TCX | AL67: 165 | AM67: =TRIM(AJ67)&TRIM(AL67)&TRIM(AK67) | AN67: 0 | AO67: #NA | AP67: =SUMIFS(M:M,AM:AM,AM67)+SUMIFS(O:O,AM:AM,AM67) | AQ67: =SUMIFS(L:L,AM:AM,AM67) | AR67: =AQ67-AP67 | AS67: =IF(AN67>=AQ67,"ok","ck") | AT67: =-P67 | AU67: =IF(SUMIFS(AT:AT,AM:AM,AM67)>AO67,(SUMIFS(AT:AT,AM:AM,AM67)-AO67)) | AV67: 0 | AW67: 0 | AX67: =AN67-AP67
A68: Rawbought | G68: =AU68 | I68: KNIT WEFT KNITTED JERSEY LENZING MODAL 95% LYCRA 5% GSM-165 CW-155 CM/61 INCH | J68: Mistletoe Mood | K68: =P68/3 | L68: 5.09 | N68: =M68-L68 | P68: =N68+O68 | Q68: 467286 | R68: Solid | S68: 46332 | U68: 46332 | Y68: 46326 | AJ68: 467286 | AK68: Aloe 17-0620 TCX | AL68: 165 | AM68: =TRIM(AJ68)&TRIM(AL68)&TRIM(AK68) | AN68: 0 | AO68: #NA | AP68: =SUMIFS(M:M,AM:AM,AM68)+SUMIFS(O:O,AM:AM,AM68) | AQ68: =SUMIFS(L:L,AM:AM,AM68) | AR68: =AQ68-AP68 | AS68: =IF(AN68>=AQ68,"ok","ck") | AT68: =-P68 | AU68: =IF(SUMIFS(AT:AT,AM:AM,AM68)>AO68,(SUMIFS(AT:AT,AM:AM,AM68)-AO68)) | AV68: 0 | AW68: 0 | AX68: =AN68-AP68
A69: Rawbought | G69: =AU69 | I69: KNIT WEFT KNITTED JERSEY LENZING MODAL 95% LYCRA 5% GSM-165 CW-155 CM/61 INCH | J69: Mistletoe Mood | K69: =P69/3 | L69: 1.273 | N69: =M69-L69 | P69: =N69+O69 | Q69: 467286 | R69: Solid | S69: 46332 | U69: 46332 | Y69: 46327 | AJ69: 467286 | AK69: Aloe 17-0620 TCX | AL69: 165 | AM69: =TRIM(AJ69)&TRIM(AL69)&TRIM(AK69) | AN69: 0 | AO69: #NA | AP69: =SUMIFS(M:M,AM:AM,AM69)+SUMIFS(O:O,AM:AM,AM69) | AQ69: =SUMIFS(L:L,AM:AM,AM69) | AR69: =AQ69-AP69 | AS69: =IF(AN69>=AQ69,"ok","ck") | AT69: =-P69 | AU69: =IF(SUMIFS(AT:AT,AM:AM,AM69)>AO69,(SUMIFS(AT:AT,AM:AM,AM69)-AO69)) | AV69: 0 | AW69: 0 | AX69: =AN69-AP69
A70: Rawbought | G70: =AU70 | I70: KNIT WEFT KNITTED JERSEY LENZING MODAL 95% LYCRA 5% GSM-165 CW-155 CM/61 INCH | J70: Mistletoe Mood | K70: =P70/3 | L70: 1.273 | N70: =M70-L70 | P70: =N70+O70 | Q70: 467286 | R70: Solid | S70: 46332 | U70: 46332 | Y70: 46327 | AJ70: 467286 | AK70: Aloe 17-0620 TCX | AL70: 165 | AM70: =TRIM(AJ70)&TRIM(AL70)&TRIM(AK70) | AN70: 0 | AO70: #NA | AP70: =SUMIFS(M:M,AM:AM,AM70)+SUMIFS(O:O,AM:AM,AM70) | AQ70: =SUMIFS(L:L,AM:AM,AM70) | AR70: =AQ70-AP70 | AS70: =IF(AN70>=AQ70,"ok","ck") | AT70: =-P70 | AU70: =IF(SUMIFS(AT:AT,AM:AM,AM70)>AO70,(SUMIFS(AT:AT,AM:AM,AM70)-AO70)) | AV70: 0 | AW70: 0 | AX70: =AN70-AP70
A71: Rawbought | G71: =AU71 | I71: KNIT WEFT KNITTED JERSEY LENZING MODAL 95% LYCRA 5% GSM-165 CW-155 CM/61 INCH | J71: Mistletoe Mood | K71: =P71/3 | L71: 29.073 | N71: =M71-L71 | P71: =N71+O71 | Q71: 467286 | R71: Solid | S71: 46332 | U71: 46332 | Y71: 46327 | AJ71: 467286 | AK71: Aloe 17-0620 TCX | AL71: 165 | AM71: =TRIM(AJ71)&TRIM(AL71)&TRIM(AK71) | AN71: 0 | AO71: #NA | AP71: =SUMIFS(M:M,AM:AM,AM71)+SUMIFS(O:O,AM:AM,AM71) | AQ71: =SUMIFS(L:L,AM:AM,AM71) | AR71: =AQ71-AP71 | AS71: =IF(AN71>=AQ71,"ok","ck") | AT71: =-P71 | AU71: =IF(SUMIFS(AT:AT,AM:AM,AM71)>AO71,(SUMIFS(AT:AT,AM:AM,AM71)-AO71)) | AV71: 0 | AW71: 0 | AX71: =AN71-AP71
A72: M & S - T33 | G72: =AU72 | I72: 94% Cotton 6% Spandex 235 GSM No Molding CW 64 S/ | J72: WHITE | K72: =P72/3 | L72: 0 | M72: =L72 | N72: =M72-L72 | P72: =N72+O72 | Q72: 451241 | R72: Solid | S72: 46338 | U72: 46338 | Y72: 46338 | AJ72: 451241-SP27 3276-Cup | AK72: White 10001 | AL72: 235 | AM72: =TRIM(AJ72)&TRIM(AL72)&TRIM(AK72) | AN72: 1467 | AO72: -34.61 | AP72: =SUMIFS(M:M,AM:AM,AM72)+SUMIFS(O:O,AM:AM,AM72) | AQ72: =SUMIFS(L:L,AM:AM,AM72) | AR72: =AQ72-AP72 | AS72: =IF(AN72>=AQ72,"ok","ck") | AT72: =-P72 | AU72: =IF(SUMIFS(AT:AT,AM:AM,AM72)>AO72,(SUMIFS(AT:AT,AM:AM,AM72)-AO72)) | AV72: 1467 | AW72: 1.024 | AX72: =AN72-AP72
A73: T61-KPK | G73: =AU73 | I73: SJ 95% BCI Cmd Cmpt CTN 5% Inv Ly 140gsm CW61” | J73: Black 10005 | K73: =P73/3 | L73: 1827.92 | M73: 1827.92 | N73: =M73-L73 | P73: =N73+O73 | R73: Solid | S73: 46327 | U73: 1st-20th Nov-2k mtr/day, 21st-28th- 3k mtr/day, FOC closed by 29th-30th | Y73: 46324 | AL73: 140 | AM73: =TRIM(AJ73)&TRIM(AL73)&TRIM(AK73) | AN73: 0 | AO73: #NA | AP73: =SUMIFS(M:M,AM:AM,AM73)+SUMIFS(O:O,AM:AM,AM73) | AQ73: =SUMIFS(L:L,AM:AM,AM73) | AR73: =AQ73-AP73 | AS73: =IF(AN73>=AQ73,"ok","ck") | AT73: =-P73 | AU73: =IF(SUMIFS(AT:AT,AM:AM,AM73)>AO73,(SUMIFS(AT:AT,AM:AM,AM73)-AO73)) | AV73: #N/A | AW73: #N/A | AX73: =AN73-AP73
A74: M & S - T61 (KPK) | G74: =AU74 | I74: SJ 95% BCI Cmd Cmpt CTN 5% Inv Ly 140gsm CW61” | J74: Bros B0284 | K74: =P74/3 | L74: 8.46 | N74: =M74-L74 | P74: =N74+O74 | Q74: 466842 | R74: Solid | S74: 46334 | U74: 46334 | Y74: 46345 | AJ74: 466842 | AK74: Bros B0284 | AL74: 140 | AM74: =TRIM(AJ74)&TRIM(AL74)&TRIM(AK74) | AN74: 0 | AO74: #NA | AP74: =SUMIFS(M:M,AM:AM,AM74)+SUMIFS(O:O,AM:AM,AM74) | AQ74: =SUMIFS(L:L,AM:AM,AM74) | AR74: =AQ74-AP74 | AS74: =IF(AN74>=AQ74,"ok","ck") | AT74: =-P74 | AU74: =IF(SUMIFS(AT:AT,AM:AM,AM74)>AO74,(SUMIFS(AT:AT,AM:AM,AM74)-AO74)) | AV74: 0 | AW74: 0 | AX74: =AN74-AP74
A75: Sainsbury | G75: =AU75 | I75: S/J- Solid 95%Cot 5%Inv Lycra 140gsm with PCF 66 | J75: Nude | K75: =P75/3 | L75: -8.206 | M75: =L75 | N75: =M75-L75 | P75: =N75+O75 | Q75: 446252 | R75: Solid | S75: 46337 | U75: 46337 | Y75: 46337 | AJ75: 446252 | AK75: NUDE | AL75: 140 | AM75: =TRIM(AJ75)&TRIM(AL75)&TRIM(AK75) | AN75: 2601 | AO75: -61 | AP75: =SUMIFS(M:M,AM:AM,AM75)+SUMIFS(O:O,AM:AM,AM75) | AQ75: =SUMIFS(L:L,AM:AM,AM75) | AR75: =AQ75-AP75 | AS75: =IF(AN75>=AQ75,"ok","ck") | AT75: =-P75 | AU75: =IF(SUMIFS(AT:AT,AM:AM,AM75)>AO75,(SUMIFS(AT:AT,AM:AM,AM75)-AO75)) | AV75: 2601 | AW75: 1.024 | AX75: =AN75-AP75
A76: Sainsbury | G76: =AU76 | I76: S/J- Solid 95%Cot 5%Inv Lycra 140gsm with PCF 66 | J76: Nude | K76: =P76/3 | L76: -0.04 | M76: =L76 | N76: =M76-L76 | P76: =N76+O76 | Q76: 446252 | R76: Solid | S76: 46341 | U76: 46341 | Y76: 46341 | AJ76: 446252 | AK76: NUDE | AL76: 140 | AM76: =TRIM(AJ76)&TRIM(AL76)&TRIM(AK76) | AN76: 2601 | AO76: -61 | AP76: =SUMIFS(M:M,AM:AM,AM76)+SUMIFS(O:O,AM:AM,AM76) | AQ76: =SUMIFS(L:L,AM:AM,AM76) | AR76: =AQ76-AP76 | AS76: =IF(AN76>=AQ76,"ok","ck") | AT76: =-P76 | AU76: =IF(SUMIFS(AT:AT,AM:AM,AM76)>AO76,(SUMIFS(AT:AT,AM:AM,AM76)-AO76)) | AV76: 2601 | AW76: 1.024 | AX76: =AN76-AP76
A77: Sainsbury | G77: =AU77 | I77: S/J- Solid 95%Cot 5%Inv Lycra 140gsm with PCF 66 | J77: White | K77: =P77/3 | L77: 0 | N77: =M77-L77 | P77: =N77+O77 | Q77: 446252 | R77: Solid | S77: 46320 | U77: 46320 | Y77: 46320 | AJ77: 446252 | AK77: White | AL77: 140 | AM77: =TRIM(AJ77)&TRIM(AL77)&TRIM(AK77) | AN77: 3696.9 | AO77: 48.1 | AP77: =SUMIFS(M:M,AM:AM,AM77)+SUMIFS(O:O,AM:AM,AM77) | AQ77: =SUMIFS(L:L,AM:AM,AM77) | AR77: =AQ77-AP77 | AS77: =IF(AN77>=AQ77,"ok","ck") | AT77: =-P77 | AU77: =IF(SUMIFS(AT:AT,AM:AM,AM77)>AO77,(SUMIFS(AT:AT,AM:AM,AM77)-AO77)) | AV77: 3696.9 | AW77: 0.987 | AX77: =AN77-AP77
A78: M&S T14 | G78: =AU78 | I78: 95% BCI COTTON 5% LYCRA JERSEY GSM-150 CW-160 CM/63 INCH | J78: MEDIUM BLUE 80772 | K78: =P78/3 | L78: 66.389 | N78: =M78-L78 | P78: =N78+O78 | Q78: 451237 | R78: Solid | S78: 46327 | U78: 46327 | Y78: 46320 | AJ78: 451237-Lycra | AK78: Medium Blue 80772 | AL78: 150 | AM78: =TRIM(AJ78)&TRIM(AL78)&TRIM(AK78) | AN78: 2236 | AO78: 239.59 | AP78: =SUMIFS(M:M,AM:AM,AM78)+SUMIFS(O:O,AM:AM,AM78) | AQ78: =SUMIFS(L:L,AM:AM,AM78) | AR78: =AQ78-AP78 | AS78: =IF(AN78>=AQ78,"ok","ck") | AT78: =-P78 | AU78: =IF(SUMIFS(AT:AT,AM:AM,AM78)>AO78,(SUMIFS(AT:AT,AM:AM,AM78)-AO78)) | AV78: 2236 | AW78: 0.903 | AX78: =AN78-AP78
A79: M & S - T61 (KPK) | G79: =AU79 | I79: SJ 100% BCI Combed Compact Cotton 120gsm CW62” | J79: 21282 PINK ICE | K79: =P79/3 | L79: 118.161 | N79: =M79-L79 | P79: =N79+O79 | Q79: 466842 | R79: Solid | S79: 46331 | U79: 5th Nov-1,003 mtr, 19th Nov-3,010 mtr, Rest Qty-21st Nov | Y79: 46328 | AJ79: 466842 | AK79: Pink Ice 21282 | AL79: 120 | AM79: =TRIM(AJ79)&TRIM(AL79)&TRIM(AK79) | AN79: 0 | AO79: #NA | AP79: =SUMIFS(M:M,AM:AM,AM79)+SUMIFS(O:O,AM:AM,AM79) | AQ79: =SUMIFS(L:L,AM:AM,AM79) | AR79: =AQ79-AP79 | AS79: =IF(AN79>=AQ79,"ok","ck") | AT79: =-P79 | AU79: =IF(SUMIFS(AT:AT,AM:AM,AM79)>AO79,(SUMIFS(AT:AT,AM:AM,AM79)-AO79)) | AV79: 0 | AW79: 0 | AX79: =AN79-AP79
A80: M & S - T61 (KPK) | G80: =AU80 | I80: SJ 100% BCI Combed Compact Cotton 120gsm CW62” | J80: 21282 PINK ICE | K80: =P80/3 | L80: 0 | N80: =M80-L80 | P80: =N80+O80 | Q80: 466842 | R80: Solid | S80: 46343 | U80: 46343 | Y80: 46343 | AJ80: 466842 | AK80: Pink Ice 21282 | AL80: 120 | AM80: =TRIM(AJ80)&TRIM(AL80)&TRIM(AK80) | AN80: 0 | AO80: #NA | AP80: =SUMIFS(M:M,AM:AM,AM80)+SUMIFS(O:O,AM:AM,AM80) | AQ80: =SUMIFS(L:L,AM:AM,AM80) | AR80: =AQ80-AP80 | AS80: =IF(AN80>=AQ80,"ok","ck") | AT80: =-P80 | AU80: =IF(SUMIFS(AT:AT,AM:AM,AM80)>AO80,(SUMIFS(AT:AT,AM:AM,AM80)-AO80)) | AV80: 0 | AW80: 0 | AX80: =AN80-AP80
A81: M & S - T61 (KPK) | G81: =AU81 | I81: SJ 100% BCI Combed Compact Cotton 120gsm CW62” | J81: 21282 PINK ICE | K81: =P81/3 | L81: 0.144 | N81: =M81-L81 | P81: =N81+O81 | Q81: 466842 | R81: Solid | S81: 46334 | U81: 46334 | Y81: 46334 | AJ81: 466842 | AK81: Pink Ice 21282 | AL81: 120 | AM81: =TRIM(AJ81)&TRIM(AL81)&TRIM(AK81) | AN81: 0 | AO81: #NA | AP81: =SUMIFS(M:M,AM:AM,AM81)+SUMIFS(O:O,AM:AM,AM81) | AQ81: =SUMIFS(L:L,AM:AM,AM81) | AR81: =AQ81-AP81 | AS81: =IF(AN81>=AQ81,"ok","ck") | AT81: =-P81 | AU81: =IF(SUMIFS(AT:AT,AM:AM,AM81)>AO81,(SUMIFS(AT:AT,AM:AM,AM81)-AO81)) | AV81: 0 | AW81: 0 | AX81: =AN81-AP81
A82: M & S - T61 (KPK) | G82: =AU82 | I82: SJ 100% BCI Combed Compact Cotton 120gsm CW62” | J82: 21282 PINK ICE | K82: =P82/3 | L82: 354.601 | N82: =M82-L82 | P82: =N82+O82 | Q82: 466842 | R82: Solid | S82: 46345 | U82: 5th Nov-1,003 mtr, 19th Nov-3,010 mtr, Rest Qty-21st Nov | Y82: 46322 | AJ82: 466842 | AK82: Pink Ice 21282 | AL82: 120 | AM82: =TRIM(AJ82)&TRIM(AL82)&TRIM(AK82) | AN82: 0 | AO82: #NA | AP82: =SUMIFS(M:M,AM:AM,AM82)+SUMIFS(O:O,AM:AM,AM82) | AQ82: =SUMIFS(L:L,AM:AM,AM82) | AR82: =AQ82-AP82 | AS82: =IF(AN82>=AQ82,"ok","ck") | AT82: =-P82 | AU82: =IF(SUMIFS(AT:AT,AM:AM,AM82)>AO82,(SUMIFS(AT:AT,AM:AM,AM82)-AO82)) | AV82: 0 | AW82: 0 | AX82: =AN82-AP82
A83: M & S - T33 | G83: =AU83 | I83: 94% Cotton 6% Spandex 235 GSM No Molding CW 64 S/ | J83: Bros | K83: =P83/3 | L83: -1.02 | M83: =L83 | N83: =M83-L83 | P83: =N83+O83 | Q83: 451147 | R83: Solid | S83: 46320 | U83: 46320 | Y83: 46320 | AJ83: 451147-SP27 3276-Cup | AK83: Bros B2692 | AL83: 235 | AM83: =TRIM(AJ83)&TRIM(AL83)&TRIM(AK83) | AN83: 817.6 | AO83: -41.19 | AP83: =SUMIFS(M:M,AM:AM,AM83)+SUMIFS(O:O,AM:AM,AM83) | AQ83: =SUMIFS(L:L,AM:AM,AM83) | AR83: =AQ83-AP83 | AS83: =IF(AN83>=AQ83,"ok","ck") | AT83: =-P83 | AU83: =IF(SUMIFS(AT:AT,AM:AM,AM83)>AO83,(SUMIFS(AT:AT,AM:AM,AM83)-AO83)) | AV83: 817.6 | AW83: 1.053 | AX83: =AN83-AP83
A84: LIDL | G84: =AU84 | I84: KNIT SINGLE JERSEY CMIA COTTON 95% ELASTANE CRERORA 5% GSM-160 CW-167.6 CM/66 INCH | J84: Black | K84: =P84/3 | L84: -51.93 | M84: =L84 | N84: =M84-L84 | P84: =N84+O84 | Q84: 437983 | R84: Solid | S84: 46320 | U84: 46320 | Y84: 46320 | AJ84: 437983#Style-2604 (MENS)-Creora- 36 Dia | AK84: Black | AL84: 160 | AM84: =TRIM(AJ84)&TRIM(AL84)&TRIM(AK84) | AN84: 5935 | AO84: -50.5 | AP84: =SUMIFS(M:M,AM:AM,AM84)+SUMIFS(O:O,AM:AM,AM84) | AQ84: =SUMIFS(L:L,AM:AM,AM84) | AR84: =AQ84-AP84 | AS84: =IF(AN84>=AQ84,"ok","ck") | AT84: =-P84 | AU84: =IF(SUMIFS(AT:AT,AM:AM,AM84)>AO84,(SUMIFS(AT:AT,AM:AM,AM84)-AO84)) | AV84: 5935 | AW84: 1.009 | AX84: =AN84-AP84
A85: M & S - T61 (KPK) | G85: =AU85 | I85: SJ 100% BCI Combed Compact Cotton 120gsm CW62” | J85: 62551 PINK | K85: =P85/3 | L85: 0 | M85: =L85 | N85: =M85-L85 | P85: =N85+O85 | Q85: 440575 | R85: Solid | S85: 46320 | U85: 46320 | Y85: 46320 | AJ85: 440575 | AK85: 62551 Pink | AL85: 120 | AM85: =TRIM(AJ85)&TRIM(AL85)&TRIM(AK85) | AN85: 476 | AO85: -13 | AP85: =SUMIFS(M:M,AM:AM,AM85)+SUMIFS(O:O,AM:AM,AM85) | AQ85: =SUMIFS(L:L,AM:AM,AM85) | AR85: =AQ85-AP85 | AS85: =IF(AN85>=AQ85,"ok","ck") | AT85: =-P85 | AU85: =IF(SUMIFS(AT:AT,AM:AM,AM85)>AO85,(SUMIFS(AT:AT,AM:AM,AM85)-AO85)) | AV85: 476 | AW85: 1.028 | AX85: =AN85-AP85
A86: M & S - T61 (SHK) | G86: =AU86 | I86: SJ BCI 100% CTN NORMAL FINISH 120GSM CUT WIDTH 62 | J86: MOSS GREEN | K86: =P86/3 | L86: 0 | M86: =L86 | N86: =M86-L86 | P86: =N86+O86 | Q86: 451557 | R86: Solid | S86: 46327 | U86: 46327 | Y86: 46327 | AJ86: 451557 | AK86: Moss Green 47977 | AL86: 120 | AM86: =TRIM(AJ86)&TRIM(AL86)&TRIM(AK86) | AN86: 39.05 | AO86: -9.05 | AP86: =SUMIFS(M:M,AM:AM,AM86)+SUMIFS(O:O,AM:AM,AM86) | AQ86: =SUMIFS(L:L,AM:AM,AM86) | AR86: =AQ86-AP86 | AS86: =IF(AN86>=AQ86,"ok","ck") | AT86: =-P86 | AU86: =IF(SUMIFS(AT:AT,AM:AM,AM86)>AO86,(SUMIFS(AT:AT,AM:AM,AM86)-AO86)) | AV86: 39.05 | AW86: 1.302 | AX86: =AN86-AP86
A87: M & S - T61 (SHK) | G87: =AU87 | I87: SJ BCI 100% CTN NORMAL FINISH 120GSM CUT WIDTH 62 | J87: MOSS GREEN | K87: =P87/3 | L87: 0 | M87: =L87 | N87: =M87-L87 | P87: =N87+O87 | Q87: 451557 | R87: Solid | S87: 46327 | U87: 46327 | Y87: 46327 | AJ87: 451557 | AK87: Moss Green 47977 | AL87: 120 | AM87: =TRIM(AJ87)&TRIM(AL87)&TRIM(AK87) | AN87: 39.05 | AO87: -9.05 | AP87: =SUMIFS(M:M,AM:AM,AM87)+SUMIFS(O:O,AM:AM,AM87) | AQ87: =SUMIFS(L:L,AM:AM,AM87) | AR87: =AQ87-AP87 | AS87: =IF(AN87>=AQ87,"ok","ck") | AT87: =-P87 | AU87: =IF(SUMIFS(AT:AT,AM:AM,AM87)>AO87,(SUMIFS(AT:AT,AM:AM,AM87)-AO87)) | AV87: 39.05 | AW87: 1.302 | AX87: =AN87-AP87
A88: M & S - T33 | G88: =AU88 | I88: 94% Cotton 6% Spandex 190 GSM Molding CW 61 S/J | J88: Vanilla | K88: =P88/3 | L88: 0 | N88: =M88-L88 | P88: =N88+O88 | Q88: 451241 | R88: Solid | S88: 46320 | U88: 46320 | Y88: 46320 | AJ88: 451241-SP27 3276-Cup | AK88: Vanilla 47956 | AL88: 190 | AM88: =TRIM(AJ88)&TRIM(AL88)&TRIM(AK88) | AN88: 1739 | AO88: 112.59 | AP88: =SUMIFS(M:M,AM:AM,AM88)+SUMIFS(O:O,AM:AM,AM88) | AQ88: =SUMIFS(L:L,AM:AM,AM88) | AR88: =AQ88-AP88 | AS88: =IF(AN88>=AQ88,"ok","ck") | AT88: =-P88 | AU88: =IF(SUMIFS(AT:AT,AM:AM,AM88)>AO88,(SUMIFS(AT:AT,AM:AM,AM88)-AO88)) | AV88: 1739 | AW88: 0.939 | AX88: =AN88-AP88
A89: M & S - T33 | G89: =AU89 | I89: 94% Cotton 6% Spandex 190 GSM Molding CW 61 S/J | J89: Vanilla | K89: =P89/3 | L89: 0 | N89: =M89-L89 | P89: =N89+O89 | Q89: 451241 | R89: Solid | S89: 46322 | U89: 46322 | Y89: 46322 | AJ89: 451241-SP27 3276-Cup | AK89: Vanilla 47956 | AL89: 190 | AM89: =TRIM(AJ89)&TRIM(AL89)&TRIM(AK89) | AN89: 1739 | AO89: 112.59 | AP89: =SUMIFS(M:M,AM:AM,AM89)+SUMIFS(O:O,AM:AM,AM89) | AQ89: =SUMIFS(L:L,AM:AM,AM89) | AR89: =AQ89-AP89 | AS89: =IF(AN89>=AQ89,"ok","ck") | AT89: =-P89 | AU89: =IF(SUMIFS(AT:AT,AM:AM,AM89)>AO89,(SUMIFS(AT:AT,AM:AM,AM89)-AO89)) | AV89: 1739 | AW89: 0.939 | AX89: =AN89-AP89
A90: M & S - T33 | G90: =AU90 | I90: 94% Cotton 6% Spandex 190 GSM Molding CW 61 S/J | J90: Vanilla | K90: =P90/3 | L90: 0 | N90: =M90-L90 | P90: =N90+O90 | Q90: 451241 | R90: Solid | S90: 46331 | U90: 46331 | Y90: 46331 | AJ90: 451241-SP27 3276-Cup | AK90: Vanilla 47956 | AL90: 190 | AM90: =TRIM(AJ90)&TRIM(AL90)&TRIM(AK90) | AN90: 1739 | AO90: 112.59 | AP90: =SUMIFS(M:M,AM:AM,AM90)+SUMIFS(O:O,AM:AM,AM90) | AQ90: =SUMIFS(L:L,AM:AM,AM90) | AR90: =AQ90-AP90 | AS90: =IF(AN90>=AQ90,"ok","ck") | AT90: =-P90 | AU90: =IF(SUMIFS(AT:AT,AM:AM,AM90)>AO90,(SUMIFS(AT:AT,AM:AM,AM90)-AO90)) | AV90: 1739 | AW90: 0.939 | AX90: =AN90-AP90
A91: M & S - T33 | G91: =AU91 | I91: 94% Cotton 6% Spandex 190 GSM Molding CW 61 S/J | J91: Vanilla | K91: =P91/3 | L91: 0 | N91: =M91-L91 | P91: =N91+O91 | Q91: 451241 | R91: Solid | S91: 46343 | U91: 46343 | Y91: 46343 | AJ91: 451241-SP27 3276-Cup | AK91: Vanilla 47956 | AL91: 190 | AM91: =TRIM(AJ91)&TRIM(AL91)&TRIM(AK91) | AN91: 1739 | AO91: 112.59 | AP91: =SUMIFS(M:M,AM:AM,AM91)+SUMIFS(O:O,AM:AM,AM91) | AQ91: =SUMIFS(L:L,AM:AM,AM91) | AR91: =AQ91-AP91 | AS91: =IF(AN91>=AQ91,"ok","ck") | AT91: =-P91 | AU91: =IF(SUMIFS(AT:AT,AM:AM,AM91)>AO91,(SUMIFS(AT:AT,AM:AM,AM91)-AO91)) | AV91: 1739 | AW91: 0.939 | AX91: =AN91-AP91
A92: M & S - T33 | G92: =AU92 | I92: 94% Cotton 6% Spandex 190 GSM Molding CW 61 S/J | J92: Vanilla | K92: =P92/3 | L92: 0 | N92: =M92-L92 | P92: =N92+O92 | Q92: 451241 | R92: Solid | S92: 46340 | U92: 46340 | Y92: 46340 | AJ92: 451241-SP27 3276-Cup | AK92: Vanilla 47956 | AL92: 190 | AM92: =TRIM(AJ92)&TRIM(AL92)&TRIM(AK92) | AN92: 1739 | AO92: 112.59 | AP92: =SUMIFS(M:M,AM:AM,AM92)+SUMIFS(O:O,AM:AM,AM92) | AQ92: =SUMIFS(L:L,AM:AM,AM92) | AR92: =AQ92-AP92 | AS92: =IF(AN92>=AQ92,"ok","ck") | AT92: =-P92 | AU92: =IF(SUMIFS(AT:AT,AM:AM,AM92)>AO92,(SUMIFS(AT:AT,AM:AM,AM92)-AO92)) | AV92: 1739 | AW92: 0.939 | AX92: =AN92-AP92
A93: M & S - T33 | G93: =AU93 | I93: 94% Cotton 6% Spandex 190 GSM Molding CW 61 S/J | J93: Bros | K93: =P93/3 | L93: 0 | N93: =M93-L93 | P93: =N93+O93 | Q93: 451241 | R93: Solid | S93: 46320 | U93: 46320 | Y93: 46320 | AJ93: 451241-SP27 3276-Cup | AK93: Bros B2692 | AL93: 190 | AM93: =TRIM(AJ93)&TRIM(AL93)&TRIM(AK93) | AN93: 1657.82 | AO93: 193.77 | AP93: =SUMIFS(M:M,AM:AM,AM93)+SUMIFS(O:O,AM:AM,AM93) | AQ93: =SUMIFS(L:L,AM:AM,AM93) | AR93: =AQ93-AP93 | AS93: =IF(AN93>=AQ93,"ok","ck") | AT93: =-P93 | AU93: =IF(SUMIFS(AT:AT,AM:AM,AM93)>AO93,(SUMIFS(AT:AT,AM:AM,AM93)-AO93)) | AV93: 1657.82 | AW93: 0.895 | AX93: =AN93-AP93
A94: M & S - T33 | G94: =AU94 | I94: 94% Cotton 6% Spandex 190 GSM Molding CW 61 S/J | J94: Bros | K94: =P94/3 | L94: 0 | N94: =M94-L94 | P94: =N94+O94 | Q94: 451241 | R94: Solid | S94: 46322 | U94: 46322 | Y94: 46322 | AJ94: 451241-SP27 3276-Cup | AK94: Bros B2692 | AL94: 190 | AM94: =TRIM(AJ94)&TRIM(AL94)&TRIM(AK94) | AN94: 1657.82 | AO94: 193.77 | AP94: =SUMIFS(M:M,AM:AM,AM94)+SUMIFS(O:O,AM:AM,AM94) | AQ94: =SUMIFS(L:L,AM:AM,AM94) | AR94: =AQ94-AP94 | AS94: =IF(AN94>=AQ94,"ok","ck") | AT94: =-P94 | AU94: =IF(SUMIFS(AT:AT,AM:AM,AM94)>AO94,(SUMIFS(AT:AT,AM:AM,AM94)-AO94)) | AV94: 1657.82 | AW94: 0.895 | AX94: =AN94-AP94
A95: Sainsbury | G95: =AU95 | I95: SINGLE JERSEY 100% COTTON 110GSM | J95: OATMEAL MARL B0201 | K95: =P95/3 | L95: 82.984 | N95: =M95-L95 | P95: =N95+O95 | Q95: 455095 | R95: Solid | S95: 46337 | U95: 46337 | Y95: 46330 | AJ95: 455095 | AK95: OATMEAL MARL B0201 VOL-32 | AL95: 110 | AM95: =TRIM(AJ95)&TRIM(AL95)&TRIM(AK95) | AN95: 0 | AO95: #NA | AP95: =SUMIFS(M:M,AM:AM,AM95)+SUMIFS(O:O,AM:AM,AM95) | AQ95: =SUMIFS(L:L,AM:AM,AM95) | AR95: =AQ95-AP95 | AS95: =IF(AN95>=AQ95,"ok","ck") | AT95: =-P95 | AU95: =IF(SUMIFS(AT:AT,AM:AM,AM95)>AO95,(SUMIFS(AT:AT,AM:AM,AM95)-AO95)) | AV95: 0 | AW95: 0 | AX95: =AN95-AP95
A96: Sainsbury | G96: =AU96 | I96: S/J Gusset 100% Cotton 110gsm CW64 | J96: Gardenia 11-0604 TCX | K96: =P96/3 | L96: -0.176 | M96: =L96 | N96: =M96-L96 | P96: =N96+O96 | Q96: 454733 | R96: Solid | S96: 46341 | U96: 46341 | Y96: 46341 | AJ96: 454733 | AK96: Gardenia 11-0604 TCX | AL96: 110 | AM96: =TRIM(AJ96)&TRIM(AL96)&TRIM(AK96) | AN96: 65 | AO96: -1 | AP96: =SUMIFS(M:M,AM:AM,AM96)+SUMIFS(O:O,AM:AM,AM96) | AQ96: =SUMIFS(L:L,AM:AM,AM96) | AR96: =AQ96-AP96 | AS96: =IF(AN96>=AQ96,"ok","ck") | AT96: =-P96 | AU96: =IF(SUMIFS(AT:AT,AM:AM,AM96)>AO96,(SUMIFS(AT:AT,AM:AM,AM96)-AO96)) | AV96: 65 | AW96: 1.016 | AX96: =AN96-AP96
A97: Sainsbury | G97: =AU97 | I97: S/J Gusset 100% Cotton 110gsm CW64 | J97: Gardenia 11-0604 TCX | K97: =P97/3 | L97: -0.007 | M97: =L97 | N97: =M97-L97 | P97: =N97+O97 | Q97: 454733 | R97: Solid | S97: 46338 | U97: 46338 | Y97: 46338 | AJ97: 454733 | AK97: Gardenia 11-0604 TCX | AL97: 110 | AM97: =TRIM(AJ97)&TRIM(AL97)&TRIM(AK97) | AN97: 65 | AO97: -1 | AP97: =SUMIFS(M:M,AM:AM,AM97)+SUMIFS(O:O,AM:AM,AM97) | AQ97: =SUMIFS(L:L,AM:AM,AM97) | AR97: =AQ97-AP97 | AS97: =IF(AN97>=AQ97,"ok","ck") | AT97: =-P97 | AU97: =IF(SUMIFS(AT:AT,AM:AM,AM97)>AO97,(SUMIFS(AT:AT,AM:AM,AM97)-AO97)) | AV97: 65 | AW97: 1.016 | AX97: =AN97-AP97
A98: Sainsbury | G98: =AU98 | I98: S/J Gusset 100% Cotton 110gsm CW64 | J98: Sepia Rose 14-1803 TCX | K98: =P98/3 | L98: -0.222 | M98: =L98 | N98: =M98-L98 | P98: =N98+O98 | Q98: 454733 | R98: Solid | S98: 46336 | U98: 46336 | Y98: 46336 | AJ98: 454733 | AK98: SEPIA ROSE 14-1803 TCX | AL98: 110 | AM98: =TRIM(AJ98)&TRIM(AL98)&TRIM(AK98) | AN98: 64 | AO98: 0 | AP98: =SUMIFS(M:M,AM:AM,AM98)+SUMIFS(O:O,AM:AM,AM98) | AQ98: =SUMIFS(L:L,AM:AM,AM98) | AR98: =AQ98-AP98 | AS98: =IF(AN98>=AQ98,"ok","ck") | AT98: =-P98 | AU98: =IF(SUMIFS(AT:AT,AM:AM,AM98)>AO98,(SUMIFS(AT:AT,AM:AM,AM98)-AO98)) | AV98: 64 | AW98: 1 | AX98: =AN98-AP98
A99: Sainsbury | G99: =AU99 | I99: S/J Gusset 100% Cotton 110gsm CW64 | J99: Sepia Rose 14-1803 TCX | K99: =P99/3 | L99: -0.102 | M99: =L99 | N99: =M99-L99 | P99: =N99+O99 | Q99: 454733 | R99: Solid | S99: 46341 | U99: 46341 | Y99: 46341 | AJ99: 454733 | AK99: SEPIA ROSE 14-1803 TCX | AL99: 110 | AM99: =TRIM(AJ99)&TRIM(AL99)&TRIM(AK99) | AN99: 64 | AO99: 0 | AP99: =SUMIFS(M:M,AM:AM,AM99)+SUMIFS(O:O,AM:AM,AM99) | AQ99: =SUMIFS(L:L,AM:AM,AM99) | AR99: =AQ99-AP99 | AS99: =IF(AN99>=AQ99,"ok","ck") | AT99: =-P99 | AU99: =IF(SUMIFS(AT:AT,AM:AM,AM99)>AO99,(SUMIFS(AT:AT,AM:AM,AM99)-AO99)) | AV99: 64 | AW99: 1 | AX99: =AN99-AP99
A100: Sainsbury | G100: =AU100 | I100: S/J Gusset 100% Cotton 110gsm CW64 | J100: Sepia Rose 14-1803 TCX | K100: =P100/3 | L100: -0.004 | M100: =L100 | N100: =M100-L100 | P100: =N100+O100 | Q100: 454733 | R100: Solid | S100: 46338 | U100: 46338 | Y100: 46338 | AJ100: 454733 | AK100: SEPIA ROSE 14-1803 TCX | AL100: 110 | AM100: =TRIM(AJ100)&TRIM(AL100)&TRIM(AK100) | AN100: 64 | AO100: 0 | AP100: =SUMIFS(M:M,AM:AM,AM100)+SUMIFS(O:O,AM:AM,AM100) | AQ100: =SUMIFS(L:L,AM:AM,AM100) | AR100: =AQ100-AP100 | AS100: =IF(AN100>=AQ100,"ok","ck") | AT100: =-P100 | AU100: =IF(SUMIFS(AT:AT,AM:AM,AM100)>AO100,(SUMIFS(AT:AT,AM:AM,AM100)-AO100)) | AV100: 64 | AW100: 1 | AX100: =AN100-AP100
...

Sheet Date Wise Pivot -Hues
A1: SQ Biricina · Hues Date-wise RFD Status
A2: Agreed RFD Date (Hues) vs Required / RFD quantity — Oct'26 Fabric Plan
B4: Values | G4: Achievement %
A5: Agreed RFD Date-Hues | B5: Req Qty(Mtr) | C5: RFD Qty. | D5: Balance to RFD | E5: Recovered Qty | F5: Final Balance | G5: =IFERROR(C5/B5,"")
A6: 46296 | B6: 35895.565 | C6: 35128.563 | D6: -767.002 | F6: -767.002 | G6: =IFERROR(C6/B6,"") -> 0.9786324
A7: 46297 | B7: 29183.722 | C7: 29183.722 | D7: 0 | F7: 0 | G7: =IFERROR(C7/B7,"") -> 1
A8: 46298 | B8: 40859.232 | C8: 40369.292 | D8: -489.94 | F8: -489.94 | G8: =IFERROR(C8/B8,"") -> 0.98800907
A9: 46299 | B9: 74983.186 | C9: 72636.546 | D9: -2346.64 | F9: -2346.64 | G9: =IFERROR(C9/B9,"") -> 0.96870445
A10: 46300 | B10: 49807.677 | C10: 49443.964 | D10: -363.713 | F10: -363.713 | G10: =IFERROR(C10/B10,"") -> 0.99269765
A11: 46301 | B11: 20835.634 | C11: 20716.874 | D11: -118.76 | F11: -118.76 | G11: =IFERROR(C11/B11,"") -> 0.99430015
A12: 46302 | B12: 45186.572 | C12: 44162.392 | D12: -1024.18 | F12: -1024.18 | G12: =IFERROR(C12/B12,"") -> 0.97733442
A13: 46303 | B13: 21927.651 | C13: 20615.89 | D13: -1311.761 | F13: -1311.761 | G13: =IFERROR(C13/B13,"") -> 0.94017777
A14: 46304 | B14: 25175.1 | C14: 25174.888 | D14: -0.212 | F14: -0.212 | G14: =IFERROR(C14/B14,"") -> 0.99999158
A15: 46305 | B15: 54032.272 | C15: 35099.636 | D15: -18932.636 | F15: -18932.636 | G15: =IFERROR(C15/B15,"") -> 0.64960504
A16: 46306 | B16: 43780.515 | C16: 42213.655 | D16: -1566.86 | F16: -1566.86 | G16: =IFERROR(C16/B16,"") -> 0.96421102
A17: 46307 | B17: 24063.957 | C17: 20445.178 | D17: -3618.779 | F17: -3618.779 | G17: =IFERROR(C17/B17,"") -> 0.84961829
... A45: 46335 | B45: 20570.094 | C45: 2250.52 | D45: -18319.574 | F45: -18319.574 | G45: =IFERROR(C45/B45,"") -> 0.10940738
A46: 46336 | B46: 22053.114 | D46: -22053.114 | F46: -22053.114 | G46: =IFERROR(C46/B46,"") -> 0
A47: 46337 | B47: 8000 | D47: -8000 | F47: -8000 | G47: =IFERROR(C47/B47,"") -> 0
A48: 46338 | B48: 6670 | D48: -6670 | F48: -6670 | G48: =IFERROR(C48/B48,"") -> 0
A49: 46339 | B49: 5000 | D49: -5000 | F49: -5000 | G49: =IFERROR(C49/B49,"") -> 0
A50: 46340 | B50: 10366 | D50: -10366 | F50: -10366 | G50: =IFERROR(C50/B50,"") -> 0
A51: 46341 | B51: 5000 | D51: -5000 | F51: -5000 | G51: =IFERROR(C51/B51,"") -> 0
A52: 46342 | B52: 5000 | D52: -5000 | F52: -5000 | G52: =IFERROR(C52/B52,"") -> 0
A53: 46343 | B53: 5000 | D53: -5000 | F53: -5000 | G53: =IFERROR(C53/B53,"") -> 0
A54: 46344 | B54: 5000 | D54: -5000 | F54: -5000 | G54: =IFERROR(C54/B54,"") -> 0
A55: 46345 | B55: 5000 | D55: -5000 | F55: -5000 | G55: =IFERROR(C55/B55,"") -> 0
A56: 46346 | B56: 5000 | D56: -5000 | F56: -5000 | G56: =IFERROR(C56/B56,"") -> 0
A57: 46347 | B57: 5000 | D57: -5000 | F57: -5000 | G57: =IFERROR(C57/B57,"") -> 0
... A61: 46351 | B61: 47651 | D61: -47651 | F61: -47651 | G61: =IFERROR(C61/B61,"") -> 0
A62: (blank) | G62: =IFERROR(C62/B62,"")
A63: Grand Total | B63: 1646166.5 | C63: 777417.37 | D63: -868749.15 | F63: -868749.15 | G63: =IFERROR(C63/B63,"") -> 0.47225925
